cid,smiles
16220172,CC(C)(C)C1=CC(=C(C=C1NC(=O)C2=CNC3=CC=CC=C3C2=O)O)C(C)(C)C
40973,CC[C@]12CC(=C)[C@H]3[C@H]([C@@H]1CC[C@]2(C#C)O)CCC4=CCCC[C@H]34
57363,C[C@]12CC[C@H]3[C@H]([C@@H]1CC[C@@H]2C(=O)NC(C)(C)C)CC[C@@H]4[C@@]3(C=CC(=O)N4)C
24598,[N+](=O)([O-])[O-].[N+](=O)([O-])[O-].[N+](=O)([O-])[O-].[Cr+3]
16678941,CC1=C(N=C(C=C1)NC(=O)C2(CC2)C3=CC4=C(C=C3)OC(O4)(F)F)C5=CC(=CC=C5)C(=O)O
32798,CCC(=O)O[C@@]1([C@H](C[C@@H]2[C@@]1(C[C@@H]([C@]3([C@H]2CCC4=CC(=O)C=C[C@@]43C)F)O)C)C)C(=O)CCl
8223,C[C@@]1(C(=O)N2[C@H](C(=O)N3CCC[C@H]3[C@@]2(O1)O)CC4=CC=CC=C4)NC(=O)[C@H]5CN([C@@H]6CC7=CNC8=CC=CC(=C78)C6=C5)C
8226,CC[C@@H](CO)NC(=O)[C@H]1CN([C@@H]2CC3=CNC4=CC=CC(=C34)C2=C1)C
450601,C1C(CC1(C(=O)O)N)[18F]
213039,CC(C)CN(C[C@H]([C@H](CC1=CC=CC=C1)NC(=O)O[C@H]2CO[C@@H]3[C@H]2CCO3)O)S(=O)(=O)C4=CC=C(C=C4)N
213046,C1CC[C@H]([C@@H](C1)CN2CCN(CC2)C3=NSC4=CC=CC=C43)CN5C(=O)[C@H]6[C@@H]7CC[C@@H](C7)[C@H]6C5=O
8249,C1=CC=C(C=C1)CCN=C(N)N=C(N)N
9871419,CCCSC1=NC(=C2C(=N1)N(N=N2)[C@@H]3C[C@@H]([C@H]([C@H]3O)O)OCCO)N[C@@H]4C[C@H]4C5=CC(=C(C=C5)F)F
8271,CCC1(C(=O)NC(=O)N(C1=O)C)C2=CC=CC=C2
229455,C[C@]12CC[C@H]3[C@H]([C@@H]1CC[C@@H]2OC(=O)CCC4=CC=CC=C4)CCC5=CC(=O)CC[C@H]35
8275,CCC(C)C1(C(=O)NC(=O)NC1=O)CC=C
8280,CCC1(C(=O)N(C(=O)O1)C)C
65628,CN1C2=C(C=C(C=C2)N(CCCl)CCCl)N=C1CCCC(=O)O
65632,C1CSC(=O)C1NC(=O)CSCC(=O)O
16490,C[C@@H]1C[C@H]2[C@@H]3C[C@@H](C4=CC(=O)C=C[C@@]4([C@]3([C@H](C[C@@]2([C@]1(C(=O)CO)O)C)O)F)C)F
56959087,COCCOCCOCCOCCOCCOCCOCCO[C@H]1CC[C@]2([C@H]3CC4=C5[C@]2([C@H]1OC5=C(C=C4)O)CCN3CC=C)O
119,C(CC(=O)O)CN
78323835,CCCS(=O)(=O)NC1CC(C1)N(C)C2=NC=NC3=C2C=CN3
57469,CC(C)CN1C=NC2=C1C3=CC=CC=C3N=C2N
5464190,C[N+]1(CCCC1)CC2=C(N3[C@@H]([C@@H](C3=O)NC(=O)/C(=N/OC)/C4=CSC(=N4)N)SC2)C(=O)[O-]
155774,C1COCCN1C(=O)NCCNCC(COC2=CC=C(C=C2)O)O
137,C(CC(=O)O)C(=O)CN
483477,CCCCCCCCCCCCCCCCOCCCOP(=O)(CO[C@@H](CN1C=CC(=NC1=O)N)CO)O
8361,C1=CC=C(C=C1)OC(=O)C2=CC=CC=C2O
8362,CC1CC(CC(C1)(C)C)OC(=O)C2=CC=CC=C2O
176,CC(=O)O
24759,CC(=O)N[C@H]1[C@@H](O[C@@H]([C@H](C1O[C@H]2[C@@H]([C@H]([C@@H]([C@H](O2)C(=O)O)O[C@H]3[C@@H](C([C@@H]([C@H](O3)CO)O)O[C@H]4[C@@H]([C@H]([C@@H]([C@H](O4)C(=O)O)O)O)O)NC(=O)C)O)O)O)CO)O
8378,C1[C@H]([C@@H]([C@H]([C@@H]([C@H]1N)O[C@@H]2[C@@H]([C@H]([C@@H]([C@H](O2)CN)O)O)N)O[C@H]3[C@@H]([C@@H]([C@H](O3)CO)O[C@@H]4[C@@H]([C@H]([C@@H]([C@@H](O4)CN)O)O)N)O)O)N
187,CC(=O)OCC[N+](C)(C)C
190,C1=NC2=NC=NC(=C2N1)N
204,C1(C(=O)NC(=O)N1)NC(=O)N
86278348,C([C@@H]1[C@H]([C@@H]([C@H]([C@H](O1)OC[C@@H]2[C@H]([C@@H]([C@H]([C@H](O2)OC[C@H]([C@H]([C@@H]([C@H](CO)O)O)O)O)O)O)O)O)O)O)O.[Fe+3]
82146,CC1=CC2=C(C=C1C(=C)C3=CC=C(C=C3)C(=O)O)C(CCC2(C)C)(C)C
82148,CC(=O)NCCC1=CC=CC2=C1C=C(C=C2)OC
82153,C[C@]12C[C@@H]([C@H]3[C@H]([C@@H]1C[C@@H]4[C@]2(OC(O4)(C)C)C(=O)CO)C[C@@H](C5=CC(=O)C=C[C@]35C)F)O
54690031,CN1C(=C(C2=C(S1(=O)=O)C=C(S2)Cl)O)C(=O)NC3=CC=CC=N3
16623,C[C@]12CCC(=O)C=C1CC[C@@H]3[C@@H]2[C@H](C[C@]4([C@H]3CC[C@@]4(C(=O)COC(=O)CCC(=O)O)O)C)O
243,C1=CC=C(C=C1)C(=O)O
244,C1=CC=C(C=C1)CO
247,C[N+](C)(C)CC(=O)[O-]
114948,CC(C)C[C@H]1C(=O)N2CCC[C@H]2[C@]3(N1C(=O)[C@](O3)(C(C)C)NC(=O)[C@@H]4C[C@H]5[C@@H](CC6=CNC7=CC=CC5=C67)N(C4)C)O
33032,C(CC(=O)O)[C@@H](C(=O)O)N
118513932,CC1=CC(=NN2C1=NC(=C2)C)C3=CC(=O)N4C=C(C=CC4=N3)N5CCNC6(C5)CC6
33042,C1[C@H]([C@@H]([C@H]([C@@H]([C@H]1N)O[C@@H]2[C@@H]([C@H]([C@@H]([C@H](O2)CN)O)O)N)O[C@H]3[C@@H]([C@@H]([C@H](O3)CO)O)O)O)N
24856,[O-]S(=O)(=O)[O-].[O-]S(=O)(=O)[O-].[Al+3].[K+]
281,[C-]#[O+]
16666,C[C@@H]1CC[C@H]([C@@H](C1)O)C(C)C
11518241,CC(C)(C)C1=C(C=CC(=C1)C2=C(C=CC(=C2)C3=CC=C(C=C3)C(=O)O)OCCO)N4CCCC4
305,C[N+](C)(C)CCO
54681908,CN(C)[C@H]1[C@@H]2C[C@@H]3CC4=C(C=CC(=C4C(=C3C(=O)[C@@]2(C(=C(C1=O)C(=O)N)O)O)O)O)CN(C)OC
221493,C[C@H](CCC(=O)O)[C@H]1CC[C@@H]2[C@@]1([C@H](C[C@H]3[C@H]2[C@@H](C[C@H]4[C@@]3(CC[C@H](C4)O)C)O)O)C
311,C(C(=O)O)C(CC(=O)O)(C(=O)O)O
135536952,C1CNC[C@@H]1N2CC/C(=C\C3=C(N4[C@@H]([C@@H](C4=O)NC(=O)/C(=N/O)/C5=NSC(=N5)N)SC3)C(=O)O)/C2=O
10182969,COC1=CC=C(C=C1)N2C3=C(CCN(C3=O)C4=CC=C(C=C4)N5CCCCC5=O)C(=N2)C(=O)N
45375808,C[C@@H](C(=O)OC(C)C)N[P@](=O)(OC[C@@H]1[C@H]([C@@]([C@@H](O1)N2C=CC(=O)NC2=O)(C)F)O)OC3=CC=CC=C3
65863,C1=CC2=C(C(=C1)Cl)SC=C2COC(CN3C=CN=C3)C4=C(C=C(C=C4)Cl)Cl
65866,CC1=C(C(C(=C(N1)C)C(=O)OC(C)(C)CN(C)CCC(C2=CC=CC=C2)C3=CC=CC=C3)C4=CC(=CC=C4)[N+](=O)[O-])C(=O)OC
338,C1=CC=C(C(=C1)C(=O)O)O
9568614,CC1=CN=C(C(=C1OC)C)C[S@](=O)C2=NC3=C(N2)C=C(C=C3)OC
8550,CO[C@H]1[C@@H](C[C@@H]2CN3CCC4=C([C@H]3C[C@@H]2[C@@H]1C(=O)OC)NC5=CC=CC=C45)OC(=O)C6=CC(=C(C(=C6)OC)OC)OC
8555,CC1=C(C2=CC=CC=C2C(=C1)OP(=O)([O-])[O-])OP(=O)([O-])[O-].[Na+].[Na+].[Na+].[Na+]
16752,C[C@@H]1C[C@H]2[C@@H]3CCC4=CC(=O)C=C[C@@]4([C@]3([C@H](C[C@@]2([C@]1(C(=O)COC(=O)C5=CC=NC=C5)O)C)O)F)C
11567473,C1CC1N2C=C(C(=O)C3=CC(=C(C(=C32)C#N)N4C[C@H]5[C@H](C4)OCCN5)F)C(=O)O
65906,CN(C1CCN(CC1)C2=NC3=CC=CC=C3N2CC4=CC=C(C=C4)F)C5=NC=CC(=O)N5
5464436,CO/N=C\1/CN(CC1CN)C2=C(C=C3C(=O)C(=CN(C3=N2)C4CC4)C(=O)O)F
8569,COC1=CC(=C(C=C1)C(=O)C2=CC=CC=C2O)O
6324616,C[C@H]1/C=C/C=C(\C(=O)NC2=CC(=C3C(=C2O)C(=C(C4=C3C(=O)[C@](O4)(O/C=C/[C@@H]([C@H]([C@H]([C@@H]([C@@H]([C@@H]([C@H]1O)C)O)C)OC(=O)C)C)OC)C)C)O)O)/C
8612,CCN(CC)CCOC(=O)C1=C(C=C(C=C1)N)Cl
688563,CC[C@H]([C@H](C1=C2C=CC(=O)NC2=C(C=C1)O)O)NC(C)C
688570,C[C@H]([C@H](C1=CC=C(C=C1)O)O)NCCC2=CC=C(C=C2)O
444,CC(C(=O)C1=CC(=CC=C1)Cl)NC(C)(C)C
65981,CCOC1=C(C=CC(=C1)CC(=O)N[C@@H](CC(C)C)C2=CC=CC=C2N3CCCCC3)C(=O)O
129073603,CC1=CC(=NN1)NC2=NC(=NC(=C2)C)C3CCC(CC3)(C(=O)N[C@@H](C)C4=CN=C(C=C4)N5C=C(C=N5)F)OC
287180,CCN1C=C(C(=O)C2=C1C=C(C=C2)C3=CC=NC=C3)C(=O)O
460,COC1=CC=CC=C1O
65999,CCCC1=NC2=C(N1CC3=CC=C(C=C3)C4=CC=CC=C4C(=O)O)C=C(C=C2C)C5=NC6=CC=CC=C6N5C
131536,CC(C)CN(C[C@H]([C@H](CC1=CC=CC=C1)NC(=O)O[C@H]2CCOC2)OP(=O)(O)O)S(=O)(=O)C3=CC=C(C=C3)N
16850,C1=CC=C2C(=C1)C(=O)OC23C4=C(C=C(C=C4)O)OC5=C3C=CC(=C5)O
2761171,CCC1=NC=CC(=C1)C(=S)N
146678237,CC1=CC2=C(C=C1C)[N+](=CN2)[C@@H]3[C@@H]([C@@H]([C@H](O3)CO)OP(=O)(O)O[C@H](C)CNC(=O)CC[C@@]4([C@H]([C@@H]5[C@]6([C@@]([C@@H](C(=N6)C(=C7[C@@]([C@@H](C(=CC8=NC(=C(C4=N5)C)[C@H](C8(C)C)CCC(=N)[O-])N7)CCC(=N)[O-])(C)CC(=O)N)C)CCC(=N)[O-])(C)CC(=O)N)C)CC(=N)[O-])C)O.O.[Co+3]
33255,CC1=NN=C(S1)SCC2=C(N3[C@@H]([C@@H](C3=O)NC(=O)CN4C=NN=N4)SC2)C(=O)O
11354606,C[C@@H]1C[C@@H]2CC[C@H]3C(=C)C[C@@H](O3)CC[C@]45C[C@@H]6[C@H](O4)[C@H]7[C@@H](O6)[C@@H](O5)[C@@H]8[C@@H](O7)CC[C@@H](O8)CC(=O)C[C@H]9[C@H](C[C@H](C1=C)O2)O[C@@H]([C@@H]9OC)C[C@@H](CN)O
5284359,[Cl-].[Cl-].[Ca+2]
135463437,C1[C@@H]2[C@@H](C([C@H]3[C@@H](O2)NC4=C(N3)C(=O)NC(=N4)N)(O)O)OP(=O)(O1)O
5284371,CN1CC[C@]23[C@@H]4[C@H]1CC5=C2C(=C(C=C5)OC)O[C@H]3[C@H](C=C4)O
5284373,CC[C@H]1C(=O)N(CC(=O)N([C@H](C(=O)N[C@H](C(=O)N([C@H](C(=O)N[C@H](C(=O)N[C@@H](C(=O)N([C@H](C(=O)N([C@H](C(=O)N([C@H](C(=O)N([C@H](C(=O)N1)[C@@H]([C@H](C)C/C=C/C)O)C)C(C)C)C)CC(C)C)C)CC(C)C)C)C)C)CC(C)C)C)C(C)C)CC(C)C)C)C
8730,C1=C(C=C(C(=C1I)OC2=CC(=C(C(=C2)I)O)I)I)C[C@H](C(=O)O)N
16923,C[C@H]1C[C@H]2[C@@H]3CC[C@@]([C@]3(C[C@@H]([C@@H]2[C@@]4(C1=CC(=O)C=C4)C)O)C)(C(=O)COC(=O)CCC(=O)O)O
9822750,CCOC(=O)C1=C(NC(=C([C@@H]1C2=CC=CC=C2Cl)C(=O)OC)C)COCCN
115237,CC1=C(C(=O)N2CCCC(C2=N1)O)CCN3CCC(CC3)C4=NOC5=C4C=CC(=C5)F
15950376,CNC1=C(C=C(C=C1)C2=NC3=C(S2)C=C(C=C3)O)[18F]
564,C(CCC(=O)O)CCN
8757,CC(=O)[O-].CC(=O)[O-].CC(=O)[O-].[Al+3]
16958,CCCCCCCCCC[N+](C)(C)CCCCCCCCCC
16960,CN(C)CC[C@@H](C1=CC=C(C=C1)Br)C2=CC=CC=N2
8771,CCCCC(CC)CCC(CC(C)C)OS(=O)(=O)O
586,CN(CC(=O)O)C(=N)N
6480466,C[C@@]1(CN2C=C(N=C2O1)[N+](=O)[O-])COC3=CC=C(C=C3)N4CCC(CC4)OC5=CC=C(C=C5)OC(F)(F)F
1548887,CC\1=C(C2=C(/C1=C\C3=CC=C(C=C3)S(=O)C)C=CC(=C2)F)CC(=O)O
6439522,CC(C)C1=C(C=C(C=C1O)/C=C/C2=CC=CC=C2)O
131682,C[C@@H](C(=O)N)NCC1=CC=C(C=C1)OCC2=CC(=CC=C2)F
612,CC(C(=O)O)O
24822371,CNC1=CC=C(C=C1)/C=C/C2=CN=C(C=C2)OCCOCCOCC[18F]
11993702,C[C@@H]1C(=O)N[C@H](C(=O)N[C@@H](C(=O)N[C@H](C(=O)N[C@H](C(=O)N[C@@H](CSSC[C@@H](C(=O)N1)NC(=O)[C@H](CCCN=C(N)N)NC(=O)C)C(=O)N)CC2=CNC3=CC=CC=C32)CCCN=C(N)N)CC4=CC=CC=C4)CC5=CN=CN5
50905713,C[C@@H](C1=CC2=C(C(=CC=C2)Cl)C(=O)N1C3=CC=CC=C3)NC4=NC=NC5=C4NC=N5
25213,C1=CC=C(C(=C1)C(=O)O)O.C(CO)N(CCO)CCO
7045767,CC(=O)O[C@H](CC(=O)[O-])C[N+](C)(C)C
1548942,CC(C)/C=C\CCCCC(=O)NCC1=CC(=C(C=C1)O)OC
1548943,CC(C)/C=C/CCCCC(=O)NCC1=CC(=C(C=C1)O)OC
56640146,CC(C)(C)C1=CC(=CC(=C1OC)C2=CC3=C(C=C2)C=C(C=C3)NS(=O)(=O)C)N4C=CC(=O)NC4=O
9863827,CC1=CC(=CN=C1NC)C2=C(C3=C(C=C2)C(=O)C(=CN3C4CC4)C(=O)O)C
148121,C#CCC(CC1=CN=C2C(=N1)C(=NC(=N2)N)N)C3=CC=C(C=C3)C(=O)N[C@@H](CCC(=O)O)C(=O)O
115355,C1CC(=O)C(C(=O)C1)C(=O)C2=C(C=C(C=C2)C(F)(F)F)[N+](=O)[O-]
148124,CC1=C2[C@H](C(=O)[C@@]3([C@H](C[C@@H]4[C@]([C@H]3[C@@H]([C@@](C2(C)C)(C[C@@H]1OC(=O)[C@@H]([C@H](C5=CC=CC=C5)NC(=O)OC(C)(C)C)O)O)OC(=O)C6=CC=CC=C6)(CO4)OC(=O)C)O)C)O
115358,CC1=CC(=NC2=C1C(=C(C=C2NC(C)CCCN)OC)OC3=CC=CC(=C3)C(F)(F)F)OC
5284512,C[C@@H]1[C@H]([C@H](C[C@@H](O1)O[C@@H]2[C@H](O[C@H](C[C@@H]2O)O[C@@H]3[C@H](O[C@H](C[C@@H]3O)O[C@H]4CC[C@]5([C@@H](C4)CC[C@@H]6[C@@H]5CC[C@]7([C@@]6(CC[C@@H]7C8=CC(=O)OC8)O)C)C)C)C)OC(=O)C)O
5284513,CC1=CC(=C(C(=C1/C=C/C(=C/C=C/C(=C/C(=O)O)/C)/C)C)C)OC
5284514,CC1=CC=C(C=C1)/C(=C\CN2CCCC2)/C3=CC=CC(=N3)/C=C/C(=O)O
25249,C[C@]12CC[C@H]3[C@H]([C@@H]1CC[C@]2(C)O)CC[C@@H]4[C@@]3(CC5=C(C4)NN=C5)C
101991076,C[C@H]1[C@@H]([C@@](C[C@@H](O1)O[C@H]2[C@H]3C(=N[C@@H](C4=C(C(=CC(=C4)O)O)C5=C(C=CC(=C5)[C@H](C(=N3)O)N=C([C@H]6C7=CC(=C(C(=C7)OC8=C(C=C2C=C8)Cl)O[C@H]9[C@@H]([C@H]([C@@H]([C@H](O9)CO)O)O)O[C@H]1C[C@]([C@H]([C@@H](O1)C)O)(C)NCC1=CC=C(C=C1)C1=CC=C(C=C1)Cl)OC1=C(C=C(C=C1)[C@H]([C@H](C(=N[C@H](C(=N6)O)CC(=N)O)O)N=C([C@@H](CC(C)C)NC)O)O)Cl)O)O)C(=O)O)O)(C)N)O
679,CS(=O)C
681,C1=CC(=C(C=C1CCN)O)O
702,CCO
5284543,CN1CC[C@]23[C@@H]4[C@H]1CC5=C2C(=C(C=C5)OC)O[C@H]3[C@H](CC4)O
8896,CC(=O)[O-].CC(=O)[O-].[Mg+2]
5284549,CCN[C@H]1C[C@@H](S(=O)(=O)C2=C1C=C(S2)S(=O)(=O)N)C
5284550,CN(C)CC/C=C/1\C2=CC=CC=C2CSC3=CC=CC=C31
1549000,C1CN(CCN1CCOCC(=O)O)[C@H](C2=CC=CC=C2)C3=CC=C(C=C3)Cl
5284553,C([C@H]([C@H](CO[N+](=O)[O-])O[N+](=O)[O-])O[N+](=O)[O-])O[N+](=O)[O-]
1549008,CC(C)(C)C#C/C=C/CN(C)CC1=CC=CC2=CC=CC=C21
123600,CC(C)(C)NC[C@@H](C1=CC(=C(C=C1)O)CO)O
123606,CN(C)CCC1=CNC2=C1C=C(C=C2)CS(=O)(=O)N3CCCC3
5284566,CN1[C@@H]2CCC[C@H]1CC(C2)NC(=O)C3=NN(C4=CC=CC=C43)C
727,C1(C(C(C(C(C1Cl)Cl)Cl)Cl)Cl)Cl
66265,CCN[C@@H](C)CC1=CC(=CC=C1)C(F)(F)F
5284569,CN1CC[C@]23[C@@H]4[C@H]1CC5=C2C(=C(C=C5)OC)O[C@H]3C(=O)CC4
5284570,CN1CC[C@]23[C@@H]4[C@H]1CC5=C2C(=C(C=C5)O)O[C@H]3C(=O)CC4
41693,CCC(=O)N(C1=CC=CC=C1)C2(CCN(CC2)CCC3=CC=CS3)COC
148192,CC(C)(C)[C@@H](C(=O)N[C@@H](CC1=CC=CC=C1)[C@H](CN(CC2=CC=C(C=C2)C3=CC=CC=N3)NC(=O)[C@H](C(C)(C)C)NC(=O)OC)O)NC(=O)OC
123619,CC1=NC=C(C=C1)C2=C(C=C(C=N2)Cl)C3=CC=C(C=C3)S(=O)(=O)C
148195,C1CN(CCC1CC(=O)N2CCC(CC2)[C@@H]3C4=C(CCC5=C3N=CC(=C5)Br)C=C(C=C4Br)Cl)C(=O)N
11707110,CC1=C2C(=C(N(C1=O)C)NC3=C(C=C(C=C3)I)F)C(=O)N(C(=O)N2C4=CC=CC(=C4)NC(=O)C)C5CC5
156391,C[C@@H](C1=CC2=C(C=C1)C=C(C=C2)OC)C(=O)O
5284583,CC[C@@H](C(=O)N)N1CCCC1=O
5284585,C1CC(=C(N2[C@H]1[C@@H](C2=O)NC(=O)[C@@H](C3=CC=CC=C3)N)C(=O)O)Cl
5284587,C[C@H]1C[C@H]2[C@@H]3CCC4=CC(=O)C=C[C@@]4([C@H]3C(=O)C[C@@]2([C@]1(C(=O)CO)O)C)C
53461739,CCC1(C(=O)NC(=O)NC1=O)C2=CC=CC=C2.COC1=CC2=C(C=CN=C2C=C1)C(C3CC4CCN3CC4C=C)O
123630,C[C@@]1([C@@H](N2[C@H](S1(=O)=O)CC2=O)C(=O)O)CN3C=CN=N3
123631,COC1=C(C=C2C(=C1)N=CN=C2NC3=CC(=C(C=C3)F)Cl)OCCCN4CCOCC4
5284592,CCCCCCC(C)(C)C1=CC(=C2[C@@H]3CC(=O)CC[C@H]3C(OC2=C1)(C)C)O
753,C(C(CO)O)O
45138674,COC1=C(C=C(C=C1)C(F)(F)F)N2[C@H](C3=C(C(=CC=C3)F)N=C2N4CCN(CC4)C5=CC(=CC=C5)OC)CC(=O)O
5284594,C=C1CC[C@]2([C@H]3CC4=C5[C@]2([C@H]1OC5=C(C=C4)O)CCN3CC6CC6)O
5284596,C=CCN1CC[C@]23[C@@H]4C(=O)CC[C@]2([C@H]1CC5=C3C(=C(C=C5)O)O4)O
750,C(C(=O)O)N
8944,CCOC(=O)C1(CCN(CC1)CCC2=CC=C(C=C2)N)C3=CC=CC=C3
757,C(C(=O)O)O
8955,CC(=O)[C@H]1CC[C@@H]2[C@@]1(CC[C@H]3[C@H]2CC=C4[C@@]3(CC[C@@H](C4)O)C)C
5284603,CN1CC[C@]23[C@@H]4C(=O)CC[C@]2([C@H]1CC5=C3C(=C(C=C5)OC)O4)O
5284604,CN1CC[C@]23[C@@H]4C(=O)CC[C@]2([C@H]1CC5=C3C(=C(C=C5)O)O4)O
5284607,CC1=C(C(=O)C2=CC=CC=C2C1=O)C/C=C(\C)/CCC[C@H](C)CCC[C@H](C)CCCC(C)C
156419,C[C@H](C1=CC=CC2=CC=CC=C21)NCCCC3=CC(=CC=C3)C(F)(F)F
774,C1=C(NC=N1)CCN
5284616,C[C@@H]1CC[C@H]2C[C@@H](/C(=C/C=C/C=C/[C@H](C[C@H](C(=O)[C@@H]([C@@H](/C(=C/[C@H](C(=O)C[C@H](OC(=O)[C@@H]3CCCCN3C(=O)C(=O)[C@@]1(O2)O)[C@H](C)C[C@@H]4CC[C@H]([C@@H](C4)OC)O)C)/C)O)OC)C)C)/C)OC
8969,COC(=O)[C@H]1[C@H](CC[C@@H]2[C@@H]1C[C@H]3C4=C(CCN3C2)C5=CC=CC=C5N4)O
784,OO
785,C1=CC(=CC=C1O)O
5284627,CC1(O[C@@H]2CO[C@@]3([C@H]([C@@H]2O1)OC(O3)(C)C)COS(=O)(=O)N)C
8982,CCOC1=C(C2=CC=CC=C2C=C1)C(=O)N[C@H]3[C@@H]4N(C3=O)[C@H](C(S4)(C)C)C(=O)O
5284632,C1CC[N+]2(C1)[C@@H]3CC[C@H]2CC(C3)OC(=O)C(C4=CC=CC=C4)(C5=CC=CC=C5)O
516892,C(=O)(O)[O-].[Na+]
516893,C(=O)(O)[O-].[K+]
516900,[O-]Cl(=O)(=O)=O.[K+]
807,II
516903,[N+](=O)([O-])[O-].[K+]
813,[K+]
41781,CC1=CC(=CC=C1)NC2=C(C=NC=C2)S(=O)(=O)NC(=O)NC(C)C
16089915,C[N@@+]1(CC[C@]23[C@@H]4C(=O)CC[C@]2([C@H]1CC5=C3C(=C(C=C5)O)O4)O)CC6CC6
49800004,CCC(C)CCCCC(=O)N[C@@H](CCN)C(=O)N[C@@H]([C@@H](C)O)C(=O)N[C@@H](CCN)C(=O)N[C@H]1CCNC(=O)[C@@H](NC(=O)[C@@H](NC(=O)[C@@H](NC(=O)[C@@H](NC(=O)[C@H](NC(=O)[C@H](NC1=O)CCN)CC2=CC=CC=C2)CC(C)C)CCN)CCN)[C@@H](C)O
66377,CCC1=CN(C(=O)NC1=O)[C@H]2C[C@@H]([C@H](O2)CO)O
9034,CCC#CC(C)C1(C(=O)NC(=O)N(C1=O)C)CC=C
25419,C(P(=O)(O)O)(P(=O)(O)O)(Cl)Cl
33613,CC1([C@@H](N2[C@H](S1)[C@@H](C2=O)NC(=O)[C@@H](C3=CC=C(C=C3)O)N)C(=O)O)C
9046,C[C@]12CC[C@H]3[C@H]([C@@H]1CC[C@]2(C#C)O)CCC4=C3C=CC(=C4)OC5CCCC5
33624,CC(C)(C)NC[C@@H](COC1=NSN=C1N2CCOCC2)O
11256664,CC1=C2C=C(C=CC2=C(C(=N1)C(=O)NCC(=O)O)O)OC3=CC=CC=C3
33625,C1CN(CCC1NC(=O)C2=CC=CC=C2)CCC3=CNC4=CC=CC=C43
9051,CC(=O)[C@H]1CC[C@@H]2[C@@]1(CC[C@@H]3[C@H]2C=CC4=CC(=O)CC[C@@]34C)C
54682461,CCC[C@]1(CC(=C(C(=O)O1)[C@H](CC)C2=CC(=CC=C2)NS(=O)(=O)C3=NC=C(C=C3)C(F)(F)F)O)CCC4=CC=CC=C4
9053,C[C@@H]1C[C@H]2[C@@H]3C[C@@H](C4=CC(=O)C=C[C@@]4([C@H]3[C@H](C[C@@]2([C@H]1C(=O)CO)C)O)C)F
11363176,CCCN=C1N(C(=O)/C(=C/C2=CC(=C(C=C2)OC[C@@H](CO)O)Cl)/S1)C3=CC=CC=C3C
10339178,C1CC(C1)(C(=O)[O-])C(=O)[O-].N.N.[Pt+2]
492405,C1=C(N=C(C(=O)N1)C(=O)N)F
888,[Mg+2]
118023034,C[C@](C1=CC=C(C=C1)F)(C2=CN=C(N=C2)N3CCN(CC3)C4=NC=NN5C4=CC(=C5)C6=CN(N=C6)C)N
896,CC(=O)NCCC1=CNC2=C1C=C(C=C2)OC
25474,C1=C2C(=C3C=C(C(=O)C(=C3OC2=C(C(=C1I)O)I)I)I)C4=C(C(=C(C(=C4Cl)Cl)Cl)Cl)C(=O)O
5481350,C[C@H](CN1C=NC2=C(N=CN=C21)N)OCP(=O)(OCOC(=O)OC(C)C)OCOC(=O)OC(C)C
41867,C[C@H]1[C@@H]([C@H](C[C@@H](O1)O[C@H]2C[C@@](CC3=C2C(=C4C(=C3O)C(=O)C5=C(C4=O)C(=CC=C5)OC)O)(C(=O)CO)O)N)O
16130957,CCNC(=NCCCC[C@H](C(=O)N[C@@H](CC(C)C)C(=O)N[C@@H](CCCCN=C(NCC)NCC)C(=O)N1CCC[C@H]1C(=O)N[C@H](C)C(=O)N)NC(=O)[C@H](CC2=CC=C(C=C2)O)NC(=O)[C@H](CO)NC(=O)[C@@H](CC3=CN=CC=C3)NC(=O)[C@@H](CC4=CC=C(C=C4)Cl)NC(=O)[C@@H](CC5=CC6=CC=CC=C6C=C5)NC(=O)C)NCC
101589918,CCCCCCCCCC(=N[C@@H](CC1=CNC2=CC=CC=C21)C(=N[C@H](CC(=N)O)C(=N[C@@H](CC(=O)O)C(=N[C@H]3[C@H](OC(=O)[C@@H](N=C([C@@H](N=C([C@H](N=C(CN=C([C@@H](N=C([C@H](N=C([C@@H](N=C([C@@H](N=C(CN=C3O)O)CCCN)O)CC(=O)O)O)C)O)CC(=O)O)O)O)CO)O)[C@H](C)CC(=O)O)O)CC(=O)C4=CC=CC=C4N)C)O)O)O)O
936,C1=CC(=CN=C1)C(=O)N
938,C1=CC(=CN=C1)C(=O)O
517044,CC(=O)[O-].[K+]
517045,CC(=O)[O-].[Na+]
137528262,C1CC1CN[C@@H](C2=CC(=C(C=C2)F)NC(=O)C3=CC(=NN3C4=CC=CC(=C4)CN)C(F)(F)F)C5=CC=CC(=C5)C#N
10077130,CCOC(=O)N[C@@H]1CC[C@@H]2[C@@H](C1)C[C@@H]3[C@H]([C@H]2/C=C/C4=NC=C(C=C4)C5=CC(=CC=C5)F)[C@H](OC3=O)C
977,O=O
33746,CC1=CC(=O)N2CC(=O)N(C3=C(C2(O1)C4=CC=CC=C4)C=C(C=C3)Cl)C
72958930,CC1=CC(=C(C(=C1NC(=O)CN(CC(=O)O)CC(=O)O)C)Br)C.[Tc]
134587348,C[C@H]1CC(N(C1)C2=C(C=CC(=N2)N3C=CC(=N3)OCC(C)(C)C(F)(F)F)C(=O)NS(=O)(=O)C4=CN(N=C4C)C)(C)C
985,CCCCCCCCCCCCCCCC(=O)O
164827,[O-2].[Cu+2]
996,C1=CC=C(C=C1)O
999,C1=CC=C(C=C1)CC(=O)O
54707177,C[C@@]1([C@H]2C[C@H]3[C@@H](C(=O)C(=C([C@]3(C(=O)C2=C(C4=C1C=CC=C4O)O)O)O)C(=O)NCNCCCC[C@@H](C(=O)O)N)N(C)C)O
443387,CC1([C@@H](N2[C@H](S1)[C@@H](C2=O)N3C(=O)[C@H](NC3(C)C)C4=CC=CC=C4)C(=O)O)C
1023,OP(=O)(O)OP(=O)(O)O
107526,C([C@H]([C@H]([C@@H]([C@H](C=O)O)O)O)O)O
1031,CCCO
1032,CCC(=O)O
50192,CC(=O)O[C@H]1C[C@@H]2CC[C@@H]3[C@@H]([C@]2(C[C@@H]1N4CC[N+](CC4)(C)C)C)CC[C@]5([C@H]3C[C@@H]([C@@H]5OC(=O)C)N6CC[N+](CC6)(C)C)C
443408,CC(C)([C@H]1C[C@@]23CC[C@@]1([C@H]4[C@@]25CCN([C@@H]3CC6=C5C(=C(C=C6)O)O4)CC7CC7)OC)O
1046,C1=CN=C(C=N1)C(=O)N
42008,CN1C(=NN=N1)SCC2=C(N3[C@@H]([C@@](C3=O)(NC(=O)CSCC#N)OC)SC2)C(=O)O
1051,CC1=NC=C(C(=C1O)C=O)COP(=O)(O)O
54674461,COC(=O)NC1=C(N=C(N=C1N)C2=NN(C3=C2C=C(C=N3)F)CC4=CC=CC=C4F)N
1054,CC1=NC=C(C(=C1O)CO)CO
67683363,C[C@H]1CC[C@H](N1C(=O)[C@H](C(C)C)NC(=O)OC)C2=NC3=C(N2)C=CC4=CC5=C(C=C43)OCC6=C5C=CC(=C6)C7=CN=C(N7)[C@@H]8C[C@@H](CN8C(=O)[C@@H](C9=CC=CC=C9)NC(=O)OC)COC
1060,CC(=O)C(=O)O
50225,CCNC(=O)[C@@H]1CCCN1C(=O)[C@H](CCCN=C(N)N)NC(=O)[C@H](CC(C)C)NC(=O)[C@@H](COC(C)(C)C)NC(=O)[C@H](CC2=CC=C(C=C2)O)NC(=O)[C@H](CO)NC(=O)[C@H](CC3=CNC4=CC=CC=C43)NC(=O)[C@H](CC5=CN=CN5)NC(=O)[C@@H]6CCC(=O)N6
9270,CC(=O)O[C@H]1CC[C@@H]2[C@H]3CC[C@]4([C@H]([C@@H]3CCC2=C1)CC[C@]4(C#C)OC(=O)C)C
49841217,CC1=C(C(=CC=C1)F)C(=O)N2CCC[C@@H]([C@@H]2C3=CC=C(C=C3)NC4CCCC4)C(=O)NC5=CC(=C(C=C5)C)C(F)(F)F
25166913,CN1CC[C@H](C[C@@H]1C2=NC3=CC=CC=C3N2)NC(=O)NC4=CC=C(C=C4)C#N
1091,O[Se](=O)O
50248,CSC1=NC2=CC(=C(C=C2N1)Cl)OC3=C(C(=CC=C3)Cl)Cl
9294,C[C@@H]([C@@H](C1=CC=CC=C1)O)NC
451668,C1[C@@H]([C@H](O[C@H]1N2C=NC(=NC2=O)N)CO)O
1110,C(CC(=O)O)C(=O)O
11519070,C1C[N+]2(CCC1(CC2)C(C3=CC=CC=C3)(C4=CC=CC=C4)O)CCOCC5=CC=CC=C5
33887,C=CCNC1=NC(=NC(=N1)N2CCN(CC2)C(C3=CC=C(C=C3)F)C4=CC=C(C=C4)F)NCC=C
1123,C(CS(=O)(=O)O)N
72950888,C[C@@H](C1=C(C(=O)C2=C(O1)C=CC(=C2)F)C3=CC(=CC=C3)F)N4C5=NC=NC(=C5C(=N4)C6=CC(=C(C=C6)OC(C)C)F)N
1130,CC1=C(SC=[N+]1CC2=CN=C(N=C2N)C)CCO
135398513,C1=NC2=C(N1COCCO)N=C(NC2=O)N
2999413,C[C@H]1CCC[C@@H](CCCCCC2=C(C(=CC(=C2)O)O)C(=O)O1)O
50294,CCCC1=C2C(=CC3=C1OC(=CC3=O)C(=O)O)C(=O)C=C(N2CC)C(=O)O
656511,CC1([C@@H](N2[C@H](S1)[C@@H](C2=O)NC(=O)[C@@H](C3=CC=CC=C3)NC(=O)N4CCN(C4=O)S(=O)(=O)C)C(=O)O)C
42113,C(C(F)(F)F)(OC(F)F)F
91270,CCOC(=O)[C@H](CCC1=CC=CC=C1)N[C@@H](C)C(=O)N2CC3=CC(=C(C=C3C[C@H]2C(=O)O)OC)OC
16131215,C[C@H](C(=O)N)NC(=O)[C@@H]1CCCN1C(=O)[C@H](CCCCNC(C)C)NC(=O)[C@H](CC(C)C)NC(=O)[C@@H](CC(=O)N)NC(=O)[C@H](CC2=CC=C(C=C2)O)N(C)C(=O)[C@H](CO)NC(=O)[C@@H](CC3=CN=CC=C3)NC(=O)[C@@H](CC4=CC=C(C=C4)Cl)NC(=O)[C@@H](CC5=CC6=CC=CC=C6C=C5)NC(=O)C
3081361,CN1CCC(CC1)COC2=C(C=C3C(=C2)N=CN=C3NC4=C(C=C(C=C4)Br)F)OC
1176,C(=O)(N)N
135398559,C1[C@@H](N(C2=C(N1)N=C(NC2=O)N)C=O)CNC3=CC=C(C=C3)C(=O)N[C@@H](CCC(=O)O)C(=O)O
135398561,CN1[C@H](CNC2=C1C(=O)NC(=N2)N)CNC3=CC=C(C=C3)C(=O)N[C@@H](CCC(=O)O)C(=O)O
50922675,C[C@@H](CNC1=NC=CC(=N1)C2=CN(N=C2C3=C(C(=CC(=C3)Cl)NS(=O)(=O)C)F)C(C)C)NC(=O)OC
124087,C1CC2=C(C=CC(=C2)Cl)C(=C3CCNCC3)C4=C1C=CC=N4
44205240,CCS(=O)(=O)N1CC(C1)(CC#N)N2C=C(C=N2)C3=C4C=CNC4=NC=N3
9403,C[C@]12CC[C@H]3[C@H]([C@@H]1CC[C@@H]2OC(=O)CCC4CCCC4)CCC5=C3C=CC(=C5)O
20055232,C[C@@H]1CC[C@H]([C@@H](C1)OC(=O)C2=CC=CC=C2O)C(C)C
107715,CC(C)[C@@]1(C(=O)N2[C@H](C(=O)N3CCC[C@H]3[C@@]2(O1)O)CC4=CC=CC=C4)NC(=O)[C@@H]5C[C@H]6[C@@H](CC7=CNC8=CC=CC6=C78)N(C5)C
656580,C1=CC(=CC=C1[C@H]([C@@H](COC(=O)CCC(=O)O)NC(=O)C(Cl)Cl)O)[N+](=O)[O-]
656583,C[C@]12CC[C@H]3[C@H]([C@@H]1CC[C@@H]2O)CC[C@]45[C@@]3(CC(=C([C@H]4O5)O)C#N)C
9416,CCCCCCC(=O)O[C@H]1CC[C@@H]2[C@@]1(CC[C@H]3[C@H]2CCC4=CC(=O)CC[C@]34C)C
46220502,CCN1CCN(CC1)CC2=CN=C(C=C2)NC3=NC=C(C(=N3)C4=CC5=C(C(=C4)F)N=C(N5C(C)C)C)F
9433,CN1C2=C(C(=O)N(C1=O)C)NC=N2.CN1C2=C(C(=O)N(C1=O)C)NC=N2.C(CN)N
58557659,CC[C@@H]1CN(C[C@@H]1C2=CN=C3N2C4=C(NC=C4)N=C3)C(=O)NCC(F)(F)F
9831643,CCCCC1(CS(=O)(=O)C2=C(C=C(C=C2)N(C)C)[C@H]([C@H]1O)C3=CC=C(C=C3)OCC4=CC=C(C=C4)C[N+]56CCN(CC5)CC6)CCCC
3032285,CCCC(C)C1(C(=O)NC(=S)NC1=O)CC=C
9444,C1=NC(=NC(=O)N1[C@H]2[C@@H]([C@@H]([C@H](O2)CO)O)O)N
1254,CC1CCC(C(C1)O)C(C)C
44139752,C1CC2=CN=CN2[C@H]1C3=C(C=C(C=C3)C#N)F
74989,C1CC(CCC1C2=CC=C(C=C2)Cl)C3=C(C4=CC=CC=C4C(=O)C3=O)O
9458,CC(=O)OC1=C(C=CC(=C1)C(F)(F)F)C(=O)O
34040,CN1C[C@@H](C[C@]2([C@H]1CC3=CN(C4=CC=CC2=C34)C)OC)COC(=O)C5=CC(=CN=C5)Br
656635,CCOC(=O)CN[C@H](C1CCCCC1)C(=O)N2CC[C@H]2C(=O)NCC3=CC=C(C=C3)C(=NO)N
135398654,C[C@@H]([C@@H]([C@H]1CNC2=C(N1)C(=O)NC(=N2)N)O)O
135398658,C1=CC(=CC=C1C(=O)N[C@@H](CCC(=O)O)C(=O)O)NCC2=CN=C3C(=N2)C(=O)NC(=N3)N
107782,C[C@H]1C[C@H]2[C@@H]3CCC4=CC(=O)C=C[C@@]4([C@]3([C@H](C[C@@]2([C@]1(C(=O)COP(=O)(O)O)O)C)O)F)C
656652,CN1C(=C2C(=NC=N2)N(C1=O)C)[O-].C[N+](C)(C)CCO
17676,CC(=O)C1=CC2=C(C=C1)SC3=CC=CC=C3N2CCCN4CCN(CC4)CCO
6399253,C=CC1=C(N2[C@@H]([C@@H](C2=O)NC(=O)/C(=N/O)/C3=CSC(=N3)N)SC1)C(=O)O
656665,CN1[C@@H]2CC[C@H]1CC(C2)OC(=O)C3=CNC4=CC=CC=C43
155903259,CC1([C@@H]2[C@H]1[C@H](N(C2)C(=O)[C@H](C(C)(C)C)NC(=O)C(F)(F)F)C(=O)N[C@@H](C[C@@H]3CCNC3=O)C#N)C
107807,CCC[C@@H](C(=O)OCC)N[C@@H](C)C(=O)N1[C@H]2CCCC[C@H]2C[C@H]1C(=O)O
91438,CC(=O)OCC(=O)[C@]1(CC[C@@H]2[C@@]1(CC(=O)[C@H]3[C@H]2CCC4=CC(=O)C=C[C@]34C)C)O
6432052,[O-2].[O-2].[O-2].[O-2].[Fe+2].[Fe+3].[Fe+3]
54682938,C[C@@]1([C@H]2C[C@H]3[C@@H](C(=O)C(=C([C@]3(C(=O)C2=C(C4=C1C=CC=C4O)O)O)O)C(=O)NCN5CCCC5)N(C)C)O
222528,C[C@H](CCC(=O)O)[C@H]1CC[C@@H]2[C@@]1([C@H](C[C@H]3[C@H]2CC[C@H]4[C@@]3(CC[C@H](C4)O)C)O)C
9930049,COC1=C(C=C(C=C1)CCO[C@@H]2CCCC[C@H]2N3CC[C@H](C3)O)OC
214348,C1=CC=C(C(=C1)C2=NN(C(=N2)C3=CC=CC=C3O)C4=CC=C(C=C4)C(=O)O)O
11511120,COC1=C(C=C2C(=C1)N=CN=C2NC3=CC(=C(C=C3)F)Cl)NC(=O)/C=C/CN4CCCCC4
135398737,CN1CCN(CC1)C2=NC3=C(C=CC(=C3)Cl)NC4=CC=CC=C42
135398738,CN(C)/N=N/C1=C(NC=N1)C(=O)N
135398739,C1C[C@@H](O[C@@H]1CO)N2C=NC3=C2N=CNC3=O
135398740,C1=NC2=C(N1COC(CO)CO)N=C(NC2=O)N
135398742,CC(C)[C@@H](C(=O)OCCOCN1C=NC2=C1N=C(NC2=O)N)N
135398744,CCCC1=NN(C2=C1N=C(NC2=O)C3=C(C=CC(=C3)S(=O)(=O)N4CCN(CC4)C)OCC)C
135398745,CC1=CC2=C(S1)NC3=CC=CC=C3N=C2N4CCN(CC4)C
11625818,CC[C@@H](C1=NC2=C(C(=CC=C2)F)C(=O)N1C3=CC=CC=C3)NC4=NC=NC5=C4NC=N5
135398748,C1=NC2=C(N1CCC(CO)CO)N=C(NC2=O)N
9565,COCCOC1=CN=C(N=C1)NS(=O)(=O)C2=CC=CC=C2
66553195,COC1=C(SC=C1)CNCC[C@]2(CCOC3(C2)CCCC3)C4=CC=CC=N4
131704172,C1=CC=C(C=C1)COCC(C(=O)O)N(CCN(CCN(CC(=O)[O-])CC(=O)[O-])CC(=O)[O-])CC(=O)O.[Gd+3]
3007855,[Cl-].[Cl-].[Zn+2]
23635314,C1COCCN1CCOC2=CC=C(C=C2)C3=CN=C(C=C3)CC(=O)NCC4=CC=CC=C4
117761397,C[C@@H](C1=CC=CC=C1)NC2=CC(=O)N(C(=O)N2)C(C)C
20055414,C1C[C@H]2CN3C(=NN=C3[C@H]2C1)CCN4CCN(CC4)C5=CC=CC(=C5)C(F)(F)F
189821,CC1=N[C@@]2([C@H](O1)C[C@@H]3[C@@]2(C[C@@H]([C@H]4[C@H]3CCC5=CC(=O)C=C[C@]45C)O)C)C(=O)COC(=O)C
1738118,CC(=O)N[C@@H](C=O)[C@H]([C@@H]([C@@H](CO)O)O)O
9913767,CC(C)N(CCCCOCC(=O)NS(=O)(=O)C)C1=CN=C(C(=N1)C2=CC=CC=C2)C3=CC=CC=C3
9642,CC(=O)OCC(=O)[C@@]12[C@@H](C[C@@H]3[C@@]1(C[C@@H]([C@]4([C@H]3C[C@@H](C5=CC(=O)C=C[C@@]54C)F)F)O)C)OC(O2)(C)C
91562,CC(=O)OCC1=C(N2[C@@H]([C@@H](C2=O)NC(=O)CC#N)SC1)C(=O)O
9651,CN1CC[C@@]23C=C[C@@H](C[C@@H]2OC4=C(C=CC(=C34)C1)OC)O
107970,CCCCCCCCC1=CC=C(C=C1)CCC(CO)(CO)N
9677,CCCCCCCCCC(=O)O[C@H]1CC[C@@H]2[C@@]1(CC[C@H]3[C@H]2CCC4=CC(=O)CC[C@H]34)C
135423438,CN1CCN(CC1)CC(=O)N(C)C2=CC=C(C=C2)N=C(C3=CC=CC=C3)C4=C(NC5=C4C=CC(=C5)C(=O)OC)O
5277135,CC(C)[C@@H](CO)N1C=C(C(=O)C2=C1C=C(C(=C2)CC3=C(C(=CC=C3)Cl)F)OC)C(=O)O
54732242,CC(C)(C1=NC(=NO1)C2=CC=CC=C2)NC(=O)C3=C([C@H]4[C@@]56CCN([C@@H]([C@@]5(C3)O)CC7=C6C(=C(C=C7)O)O4)CC8CC8)O
91610,CC1(C2=C(C=C(C=C2)OC)C(=O)N(C1=O)CCC3=CC=C(C=C3)S(=O)(=O)NC(=O)NC4CCCCC4)C
443872,C[C@]12CCC(=O)C=C1C[C@H]([C@@H]3[C@]24[C@H](O4)C[C@]5([C@H]3CC[C@@]56CCC(=O)O6)C)C(=O)OC
443879,CC1=CC(=C(C=C1)O)[C@H](CCN(C(C)C)C(C)C)C2=CC=CC=C2
131704299,CC1=C(C(=CC(=N1)COP(=O)(O)O)CN(CCN(CC2=CC(=NC(=C2O)C)COP(=O)(O)O)CC(=O)[O-])CC(=O)[O-])O.[Mn+2]
443884,C[C@@H](CO)NC(=O)[C@H]1CN([C@@H]2CC3=CNC4=CC=CC(=C34)C2=C1)C
13559281,CC(=O)[C@]1(CC[C@@H]2[C@@]1(C[C@@H](C3=C4CCC(=O)C=C4CC[C@@H]23)C5=CC=C(C=C5)N(C)C)C)O
443894,CC1=CC=CC=C1C(=O)NC2=CC(=C(C=C2)C(=O)N3CCC[C@H](C4=C3C=CC(=C4)Cl)O)C
131704314,CCOC1=CC=C(C=C1)C[C@@H](CN(CCN(CC(=O)[O-])CC(=O)[O-])CC(=O)[O-])N(CC(=O)O)CC(=O)O.[Gd+3]
6178305,CC1CS(=O)(=O)CCN1/N=C\C2=CC=C(O2)[N+](=O)[O-]
34312,C1C2=CC=CC=C2N(C3=CC=CC=C3C1=O)C(=O)N
56944144,CC1=NC(=NC=C1OC[C@]2(C[C@H]2C(=O)NC3=NC=C(C=C3)F)C4=CC(=CC=C4)F)C
101041682,CC[C@H](C)[C@@H](C(=O)N1CCC[C@H]1C(=N[C@@H](CCC(=O)O)C(=N[C@@H](CCC(=O)O)C(=N[C@@H](CC2=CC=C(C=C2)O)C(=N[C@@H](CC(C)C)C(=O)O)O)O)O)O)N=C([C@H](CCC(=O)O)N=C([C@H](CCC(=O)O)N=C([C@H](CC3=CC=CC=C3)N=C([C@H](CC(=O)O)N=C(CN=C([C@H](CC(=N)O)N=C(CN=C(CN=C(CN=C(CN=C([C@@H]4CCCN4C(=O)[C@H](CCCNC(=N)N)N=C([C@@H]5CCCN5C(=O)[C@@H](CC6=CC=CC=C6)N)O)O)O)O)O)O)O)O)O)O)O)O
91668,CC1=C[C@@H]2[C@H](CC[C@]3([C@H]2CC[C@@]3(C(=O)C)OC(=O)C)C)[C@@H]4C1=CC(=O)CC4
26133,CCCC(=O)O[C@@]1(CC[C@@H]2[C@@]1(C[C@@H]([C@H]3[C@H]2CCC4=CC(=O)CC[C@]34C)O)C)C(=O)CO
9578005,CC1=C(C=CN=C1C[S@@](=O)C2=NC3=CC=CC=C3N2)OCC(F)(F)F
86672916,[HH].[K]
73442840,[2H]C([2H])([2H])OC1=C(C=C2[C@@H]3CC(=O)[C@H](CN3CCC2=C1)CC(C)C)OC([2H])([2H])[2H]
108059,CC(=O)[C@]1(C(=C)C[C@@H]2[C@@]1(CC[C@H]3[C@H]2CCC4=CC(=O)CC[C@H]34)C)OC(=O)C
86705695,CCN1C2=C3C=C(NC3=NC=C2CN(C1=O)C4=C(C(=CC(=C4F)OC)OC)F)CN5CCOCC5
443936,CCCC(=O)O[C@@]1(CC[C@@H]2[C@@]1(C[C@@H]([C@]3([C@H]2C[C@@H](C4=CC(=O)C=C[C@@]43C)F)F)O)C)C(=O)COC(=O)C
68748835,C[C@@H]1[C@@H](C[C@@H](C(=O)N1CC(F)(F)F)NC(=O)C2=CC3=C(C[C@@]4(C3)C5=C(NC4=O)N=CC=C5)N=C2)C6=CC=CC=C6
222757,C[C@]12CC[C@H]3[C@H]([C@@H]1CC[C@@H]2O)CCC4=C3C=CC(=C4)OC(=O)C5=CC=CC=C5
443943,C[C@]12CCC(=O)C=C1CC[C@@H]3[C@@]2([C@H](C[C@]4([C@H]3C[C@@H]5[C@]4(OC(O5)(C)C)C(=O)CCl)C)O)F
9782,C[C@H]1C[C@H]2[C@@H]3CCC4=CC(=O)C=C[C@@]4([C@]3([C@H](C[C@@]2([C@]1(C(=O)CO)O)C)O)F)C
443958,CC(=O)OCC(=O)[C@@]12[C@@H](C[C@@H]3[C@@]1(C[C@@H]([C@]4([C@H]3CCC5=CC(=O)C=C[C@@]54C)F)O)C)OC6(O2)CCCC6
34359,C[C@](CC1=CC(=C(C=C1)O)O)(C(=O)O)NN
23725625,C1CC1C(=O)N2CCN(CC2)C(=O)C3=C(C=CC(=C3)CC4=NNC(=O)C5=CC=CC=C54)F
9801,CC(CC1=CC=CC=C1)NCCC(C2=CC=CC=C2)C3=CC=CC=C3
9823820,COC1=CC2=NC=CC(=C2C=C1C(=O)N)OC3=CC(=C(C=C3)NC(=O)NC4CC4)Cl
101033550,C([C@@H]([C@@H]1C(=C(C(=O)O1)O)O)O)O.C([C@@H]([C@@H]1C(=C(C(=O)O1)[O-])[O-])O)O.[Fe+2]
10176083,[82Rb+]
149096,C[C@H]1COC2=C3N1C=C(C(=O)C3=CC(=C2N4CCN(CC4)C)F)C(=O)O
444008,C[C@@H]1CC2=C(CCC(=O)C2)[C@@H]3[C@@H]1[C@@H]4CC[C@]([C@]4(CC3)C)(C#C)O
11658860,C[C@H]1CNCCC2=C1C=C(C=C2)Cl
24872560,CNC(=O)C1=C(C=C(C=C1)N2C(=S)N(C(=O)C23CCC3)C4=CC(=C(N=C4)C#N)C(F)(F)F)F
91801202,CC1=C(C=CC2=C1N=C(N2)[C@@]3(CCCN3C(=O)C4=C(C=CC(=C4)OC)N5N=CC=N5)C)Cl
468595,CC[C@@H]([C@H](C)O)N1C(=O)N(C=N1)C2=CC=C(C=C2)N3CCN(CC3)C4=CC=C(C=C4)OC[C@H]5C[C@](OC5)(CN6C=NC=N6)C7=C(C=C(C=C7)F)F
108150,CC1=CC2=C([C@@H]3[C@@H]4[C@H]5C6=C(C(=C7C(=C6[C@@H](N4[C@H]([C@H](C2)N3C)O)COC(=O)[C@@]8(CS5)C9=CC(=C(C=C9CCN8)O)OC)OCO7)C)OC(=O)C)C(=C1OC)O
444025,CCOC(=O)O[C@@]1(CC[C@@H]2[C@@]1(C[C@@H]([C@H]3[C@H]2CCC4=CC(=O)C=C[C@]34C)O)C)C(=O)OCCl
444031,C1CN(C[C@@H]1C(C2=CC=CC=C2)(C3=CC=CC=C3)C(=O)N)CCC4=CC5=C(C=C4)OCC5
25183872,B([C@H](CC(C)C)NC(=O)CNC(=O)C1=C(C=CC(=C1)Cl)Cl)(O)O
67462786,CC(C)NCCN(C1=CC2=NC(=CN=C2C=C1)C3=CN(N=C3)C)C4=CC(=CC(=C4)OC)OC
444036,CCC(=O)O[C@@]1([C@@H](C[C@@H]2[C@@]1(C[C@@H]([C@]3([C@H]2C[C@@H](C4=CC(=O)C=C[C@@]43C)F)F)O)C)C)C(=O)SCF
56927879,CCNC(=O)[C@@H]1CCCN1C(=O)[C@H](CCCN=C(N)N)NC(=O)[C@H](CC(C)C)NC(=O)[C@@H](CC2=CN(C=N2)CC3=CC=CC=C3)NC(=O)[C@H](CC4=CC=C(C=C4)O)NC(=O)[C@H](CO)NC(=O)[C@H](CC5=CNC6=CC=CC=C65)NC(=O)[C@H](CC7=CN=CN7)NC(=O)[C@@H]8CCC(=O)N8.CC(=O)O.CC(=O)O
26248,CC(=O)OC1=CC=CC2=C1C(=O)C3=C(C2=O)C=C(C=C3OC(=O)C)C(=O)O
697993,C1=CC=C2C(=C1)NC(=S)S2
1676,CCCN1C2=C(C(=O)NC1=O)NC=N2
9878,C[C@H]1C[C@H]2[C@@H]3CC[C@@]([C@]3(C[C@@H]([C@@]2([C@@]4(C1=CC(=O)C=C4)C)F)O)C)(C(=O)C)O
9880,CC(=O)[C@]1(CC[C@@H]2[C@@]1(CC[C@H]3[C@H]2C=C(C4=CC(=O)[C@@H]5C[C@@H]5[C@]34C)Cl)C)OC(=O)C
25077405,CC(C)C[C@@H](C(=O)N[C@@H](CCCN=C(N)N)C(=O)N1CCC[C@H]1C(=O)NCC(=O)N)NC(=O)[C@@H](CC2=CC3=CC=CC=C3C=C2)NC(=O)[C@H](CC4=CC=C(C=C4)O)NC(=O)[C@H](CO)NC(=O)[C@H](CC5=CNC6=CC=CC=C65)NC(=O)[C@H](CC7=CN=CN7)NC(=O)[C@@H]8CCC(=O)N8
5359268,[Al]
5359272,CN1CC[C@]23CCCC[C@H]2[C@H]1CC4=C3C=C(C=C4)O
15951529,CC1(C(=O)N(C(=S)N1C2=CC(=C(C=C2)C(=O)NC)F)C3=CC(=C(C=C3)C#N)C(F)(F)F)C
9913,CN1C2=C(C(=O)N(C1=O)C)N(C=N2)CC(CN(C)CCO)O
52938427,CC(C)OC1=C(C=C(C=C1)C2=NC(=NO2)C3=C4CC[C@@H](C4=CC=C3)NCCO)C#N
1727,C1=CN=CC=C1N
165580,C1[C@H]([C@@H]([C@H]([C@@H]([C@H]1N)O[C@@H]2[C@@H]([C@H]([C@@H]([C@H](O2)CO)O)O)N)O[C@H]3[C@@H]([C@@H]([C@H](O3)CO)O[C@@H]4[C@@H]([C@H]([C@@H]([C@@H](O4)CN)O)O)N)O)O)N
24831714,CCOC1=CC=C(C=C1)CC2=C(C=CC(=C2)[C@H]3[C@@H]([C@H]([C@@H]([C@H](O3)SC)O)O)O)Cl
56649450,CC1=C(SC(=N1)NC(=O)N2CCC[C@H]2C(=O)N)C3=CC(=NC=C3)C(C)(C)C(F)(F)F
124653,C[C@H]1C[C@H]2[C@@H]3CC[C@@]([C@]3(CC(=O)[C@@H]2[C@@]4(C1=CC(=O)C=C4)C)C)(C(=O)CO)O
1775,C1=CC=C(C=C1)C2(C(=O)NC(=O)N2)C3=CC=CC=C3
5359371,C=CCN1CC[C@]23CCCC[C@H]2[C@H]1CC4=C3C=C(C=C4)O
135415564,C[C@H]1/C=C/C=C(\C(=O)NC2=C(C3=C(C4=C(C(=C3O)C)O[C@@](C4=O)(O/C=C/[C@@H]([C@H]([C@H]([C@@H]([C@@H]([C@@H]([C@H]1O)C)O)C)OC(=O)C)C)OC)C)C5=NC6(CCN(CC6)CC(C)C)N=C25)O)/C
657181,CCNC(=O)[C@@H]1CCCN1C(=O)[C@H](CCCN=C(N)N)NC(=O)[C@H](CC(C)C)NC(=O)[C@@H](CC(C)C)NC(=O)[C@H](CC2=CC=C(C=C2)O)NC(=O)[C@H](CO)NC(=O)[C@H](CC3=CNC4=CC=CC=C43)NC(=O)[C@H](CC5=CN=CN5)NC(=O)[C@@H]6CCC(=O)N6
168314656,C[C@H]([C@H]1C(=O)N[C@@H](CSSC[C@@H](C(=O)N[C@H](C(=O)N[C@@H](C(=O)N[C@H](C(=O)N1)CCCCN)CC2=CNC3=CC=CC=C32)CC4=CC=C(C=C4)[O-])NC(=O)[C@@H](CC5=CC=CC=C5)N=C(CN6CCN(CCN(CCN(CC6)CC(=O)[O-])CC(=O)O)CC(=O)O)[O-])C(=O)N[C@@H]([C@@H](C)O)C(=O)O)O.[177Lu+3]
10026,CCCCCON=O
165688,CCCCCCC(=O)O[C@H]1CC[C@@H]2[C@@]1(CC[C@H]3[C@H]2CCC4=C3C=CC(=C4)OC(=O)CCCCCC)C
460612,C1=CC(=CC=C1C[C@@H](C(=O)O)N)N(CCCl)CCCl
34633,CCOC(=O)NC1=CC2=C(C=C1)SC3=CC=CC=C3N2C(=O)CCN4CCOCC4
657237,C1=NC2=C(N=C(N=C2N1[C@H]3[C@H]([C@@H]([C@H](O3)CO)O)O)F)N
59227,CCCN(CCC1=CC=CS1)[C@H]2CCC3=C(C2)C=CC=C3O
51039,C1C(=C(N2[C@H](S1)[C@@H](C2=O)NC(=O)[C@@H](C3=CC=CC=C3)N)C(=O)O)Cl
44631912,CN(C)C(=O)C1=CC2=CN=C(N=C2N1C3CCCC3)NC4=NC=C(C=C4)N5CCNCC5
132971,C[C@]12CC[C@@H](CC1=CC[C@@H]3[C@@H]2CC[C@]4([C@H]3CC=C4C5=CN=CC=C5)C)O
72165228,C1CN(C[C@@H]1O)C2=C(C=C(C=N2)C(=O)NC3=CC=C(C=C3)OC(F)(F)Cl)C4=CC=NN4
18283,CC1=CN(C(=O)NC1=O)[C@H]2C=C[C@H](O2)CO
11167602,CNC(=O)C1=NC=CC(=C1)OC2=CC(=C(C=C2)NC(=O)NC3=CC(=C(C=C3)Cl)C(F)(F)F)F
10100,CCC(=O)O[C@](CC1=CC=CC=C1)(C2=CC=CC=C2)[C@H](C)CN(C)C
25151352,C1=CC(=NC=C1CC2=CNC3=C2C=C(C=N3)Cl)NCC4=CN=C(C=C4)C(F)(F)F
182137,CN[C@@]1(CCCCC1=O)C2=CC=CC=C2Cl
132999,CN(CCCN1CCC2=CC(=C(C=C2CC1=O)OC)OC)C[C@H]3CC4=CC(=C(C=C34)OC)OC
51081,CCN1C=C(C(=O)C2=CC(=C(C=C21)N3CCN(CC3)C)F)C(=O)O
42890,C[C@H]1[C@H]([C@H](C[C@@H](O1)O[C@H]2C[C@@](CC3=C2C(=C4C(=C3O)C(=O)C5=CC=CC=C5C4=O)O)(C(=O)C)O)N)O
25126798,C1CCC(C1)[C@@H](CC#N)N2C=C(C=N2)C3=C4C=CNC4=NC=N3
1935,C1CCC2=NC3=CC=CC=C3C(=C2C1)N
16222096,C1CCN[C@@H](C1)C2(CN(C2)C(=O)C3=C(C(=C(C=C3)F)F)NC4=C(C=C(C=C4)I)F)O
58460047,CN1C(=NNC1=O)CN2C=CC(=C(C2=O)OC3=CC(=CC(=C3)C#N)Cl)C(F)(F)F
657298,CCCC1=CC(=O)NC(=S)N1
10133,C[C@H](CCC(=O)O)[C@H]1CC[C@@H]2[C@@]1(CC[C@H]3[C@H]2[C@@H](C[C@H]4[C@@]3(CC[C@H](C4)O)C)O)C
133017,CC1=CC(=CN=C1)CN2CCC(=C3C4=C(CCC5=C3N=CC=C5)C=C(C=C4)Cl)CC2
657309,CC(C)[N+]1([C@@H]2CC[C@H]1CC(C2)OC(=O)C(CO)C3=CC=CC=C3)C
9881504,C1[C@@H](C2=CC=CC=C2N(C3=CC=CC=C31)C(=O)N)O
3000226,C[C@H]1[C@@H]2CC[C@]3([C@H]([C@]2(CC[C@H]1O)C)[C@@H](C[C@@H]\4[C@@]3(C[C@@H](/C4=C(/CCC=C(C)C)\C(=O)O)OC(=O)C)C)O)C
10156,CC(=O)NC1CCC2=CC(=C(C(=C2C3=CC=C(C(=O)C=C13)O)OC)OC)OC
1978,CCCC(=O)NC1=CC(=C(C=C1)OCC(CNC(C)C)O)C(=O)C
1981,CC1=C(C2=C(N1C(=O)C3=CC=C(C=C3)Cl)C=CC(=C2)OC)CC(=O)OCC(=O)O
1983,CC(=O)NC1=CC=C(C=C1)O
1986,CC(=O)NC1=NN=C(S1)S(=O)(=O)N
34755,C[S+](CC[C@@H](C(=O)[O-])N)C[C@@H]1[C@H]([C@H]([C@@H](O1)N2C=NC3=C(N=CN=C32)N)O)O
452548,COC1=CC(=CC(=C1O)OC)[C@H]2[C@@H]3[C@H](COC3=O)[C@@H](C4=CC5=C(C=C24)OCO5)O[C@H]6[C@@H]([C@H]([C@H]7[C@H](O6)CO[C@H](O7)C8=CC=CS8)O)O
1989,CC(=O)C1=CC=C(C=C1)S(=O)(=O)NC(=O)NC2CCCCC2
1990,CC(=O)NO
1993,CC(C[N+](C)(C)C)OC(=O)C
10184653,CN(C)C/C=C/C(=O)NC1=C(C=C2C(=C1)C(=NC=N2)NC3=CC(=C(C=C3)F)Cl)O[C@H]4CCOC4
18381,CC1=C(C(=NO1)C2=C(C=CC=C2Cl)Cl)C(=O)N[C@H]3[C@@H]4N(C3=O)[C@H](C(S4)(C)C)C(=O)O
124886,C(CC(=O)N[C@@H](CS)C(=O)NCC(=O)O)[C@@H](C(=O)O)N
10184665,C1=CC(=C(C(=C1)Cl)COCCOCCCCCCNC[C@@H](C2=CC(=C(C=C2)O)CO)O)Cl
56649692,B1([C@H](CC[C@H](O1)CC(=O)O)NC(=O)CC2=CC=CS2)O
3033053,C[C@]12CCCCC[C@H]([C@@H]1N)CC3=C2C=C(C=C3)O
71657455,C1CC(=O)N([C@@H]1C(=O)N(C2=CC(=CN=C2)F)[C@@H](C3=CC=CC=C3Cl)C(=O)NC4CC(C4)(F)F)C5=NC=CC(=C5)C#N
9848818,C[C@H](CCC(=O)NCCS(=O)(=O)O)[C@H]1CC[C@@H]2[C@@]1(CC[C@H]3[C@H]2[C@H](C[C@H]4[C@@]3(CC[C@H](C4)O)C)O)C
10230,C1=CC=C2C(=C1)C(=NN=C2NN)NN
3000322,CN1[C@@H]2CC(C[C@H]1[C@H]3[C@@H]2O3)OC(=O)[C@H](CO)C4=CC=CC=C4
493570,CC1=CC2=C(C=C1C)N(C3=NC(=O)NC(=O)C3=N2)C[C@@H]([C@@H]([C@@H](CO)O)O)O
854026,C/C=C/1\[C@@H]2CC3=C([C@]1(CC(=C2)C)N)C=CC(=O)N3
25151504,CC(C)C1=NC(=CS1)CN(C)C(=O)N[C@@H](CCN2CCOCC2)C(=O)N[C@H](CC[C@H](CC3=CC=CC=C3)NC(=O)OCC4=CN=CS4)CC5=CC=CC=C5
223253,C[C@]12CCC(=O)C=C1CC[C@@H]3[C@@H]2[C@H](C[C@]4([C@H]3CC[C@@]4(C(=O)COC(=O)CCC5CCCC5)O)C)O
247839,C[C@H]1C[C@H]2[C@@H]3CC[C@@H]([C@]3(C[C@@H]([C@@H]2[C@@]4(C1=CC(=O)CC4)C)O)C)C(=O)C
2082,CCCSC1=CC2=C(C=C1)N=C(N2)NC(=O)OC
2083,CC(C)(C)NCC(C1=CC(=C(C=C1)O)CO)O
2088,C(CC(O)(P(=O)(O)O)P(=O)(O)O)CN
2092,CN(CCCNC(=O)C1CCCO1)C2=NC3=CC(=C(C=C3C(=N2)N)OC)OC
11962412,C1=CC=C(C(=C1)[C@H](CN2N=CN=N2)OC(=O)N)Cl
2099,CC1=C(N=CN1)CN2CCC3=C(C2=O)C4=CC=CC=C4N3C
11978813,C1CN(CCN1CCCCOC2=CC3=C(C=C2)C=CC(=O)N3)C4=C5C=CSC5=CC=C4
84029,CC[C@@H]1[C@@]([C@@H]([C@H](C(=O)[C@@H](C[C@@]([C@@H]([C@H]([C@@H]([C@H](C(=O)O1)C)O[C@H]2C[C@@]([C@H]([C@@H](O2)C)O)(C)OC)C)O[C@H]3[C@@H]([C@H](C[C@H](O3)C)N(C)C)O)(C)OC)C)C)O)(C)O
51263,CCC(=O)N(C1=CC=CC=C1)C2(CCN(CC2)CCN3C(=O)N(N=N3)CC)COC
11626560,C[C@H](C1=C(C=CC(=C1Cl)F)Cl)OC2=C(N=CC(=C2)C3=CN(N=C3)C4CCNCC4)N
2118,CC1=NN=C2N1C3=C(C=C(C=C3)Cl)C(=NC2)C4=CC=CC=C4
3000391,O.[O-]Cl=O.[O-]Cl=O.[O-]Cl=O.[O-]Cl=O.O=O
2130,C1C2CC3CC1CC(C2)(C3)N
2131,CC[N+](CC)(CCNC(=O)C(=O)NCC[N+](CC)(CC)CC1=CC=CC=C1Cl)CC2=CC=CC=C2Cl
2132,C1CC(CCC1NCC2=C(C(=CC(=C2)Br)Br)N)O
125017,CN(C)CC(C1=CC=C(C=C1)O)C2(CCCCC2)O
92253,CCCCN1CCCC[C@H]1C(=O)NC2=C(C=CC=C2C)C
174174,CN1[C@@H]2CC[C@H]1CC(C2)OC(=O)C(CO)C3=CC=CC=C3
67678,C([C@@H](C(=O)O)N)SSC[C@@H](C(=O)O)N
2141,C(CN)CNCCSP(=O)(O)O
2145,CCC1(CCC(=O)NC1=O)C2=CC=C(C=C2)N
26721,CCCC(C)(C1C[C@@]23C=CC1(C4[C@@]25CCN([C@@H]3CC6=C5C(=C(C=C6)O)O4)C)OC)O
2148,C1=CC(=CC=C1C(=O)NCC(=O)O)N
10340,C(=O)([O-])[O-].[Na+].[Na+]
2153,CN1C2=C(C(=O)N(C1=O)C)NC=N2
2157,CCCCC1=C(C2=CC=CC=C2O1)C(=O)C3=CC(=C(C(=C3)I)OCCN(CC)CC)I
2159,CCN1CCCC1CNC(=O)C2=CC(=C(C=C2OC)N)S(=O)(=O)CC
2160,CN(C)CCC=C1C2=CC=CC=C2CCC3=CC=CC=C31
2161,CC(C)C1=CC2=C(C=C1)OC3=NC(=C(C=C3C2=O)C(=O)O)N
2162,CCOC(=O)C1=C(NC(=C(C1C2=CC=CC=C2Cl)C(=O)OC)C)COCCN
2164,CCC1(C(=O)NC(=O)NC1=O)CCC(C)C
2165,CCN(CC)CC1=C(C=CC(=C1)NC2=C3C=CC(=CC3=NC=C2)Cl)O
84088,CCN(CC)CC(=O)OCC(=O)[C@]1(CC[C@@H]2[C@@]1(C[C@@H]([C@H]3[C@H]2CCC4=CC(=O)CC[C@]34C)O)C)O
2170,C1CN(CCN1)C2=NC3=CC=CC=C3OC4=C2C=C(C=C4)Cl
2179,COC1=C(C=CC(=C1)NS(=O)(=O)C)NC2=C3C=CC=CC3=NC4=CC=CC=C42
26757,C[C@H](CC1=CC=CC=C1)N(C)CC#C
11954310,C[C@]12CC[C@H]3[C@H]([C@@H]1CC[C@@H]2OC(=O)CCCCCCCCC=C)CCC4=CC(=O)C=C[C@]34C
2187,CC(C)(C#N)C1=CC(=CC(=C1)CN2C=NC=N2)C(C)(C)C#N
2197,COC1=CC=C(C=C1)C2C(=O)C3=CC=CC=C3C2=O
2200,C1CN=C(N1)CN(CC2=CC=CC=C2)C3=CC=CC=C3
2202,C1C2=C(C(=CC=C2)O)C(=O)C3=C1C=CC=C3O
2206,CC1=CC(=O)N(N1C)C2=CC=CC=C2
2216,C1CN=C(N1)NC2=C(C=C(C=C2Cl)N)Cl
10413,C(CC(=O)O)CO
3000502,C[C@H]1C(=O)N[C@H](C(=O)N/C(=C/NC(=O)N)/C(=O)N[C@H](C(=O)NC[C@@H](C(=O)N1)N)[C@H]2CCN=C(N2)N)CNC(=O)C[C@H](CCCN)N.C1CN=C(N[C@H]1[C@H]2C(=O)NC[C@@H](C(=O)N[C@H](C(=O)N[C@H](C(=O)N/C(=C/NC(=O)N)/C(=O)N2)CNC(=O)C[C@H](CCCN)N)CO)N)N
11954369,C[C@@H]1C[C@H]2[C@@H]3C[C@@H](C4=CC(=O)C=C[C@@]4([C@]3([C@H](C[C@@]2([C@H]1C(=O)CO)C)O)F)C)F
2244,CC(=O)OC1=CC=CC=C1C(=O)O
2247,COC1=CC=C(C=C1)CCN2CCC(CC2)NC3=NC4=CC=CC=C4N3CC5=CC=C(C=C5)F
2249,CC(C)NCC(COC1=CC=C(C=C1)CC(=O)N)O
101755083,C[C@H](C(=N)O)N=C([C@@H]1CCCN1C(=O)[C@H](CCCCNC(C)C)N=C([C@H](CC(C)C)N=C([C@@H](CC2=CC=C(C=C2)NC(=N)O)N=C([C@H](CC3=CC=C(C=C3)NC(=O)[C@@H]4CC(=NC(=N4)O)O)N=C([C@H](CO)N=C([C@@H](CC5=CN=CC=C5)N=C([C@@H](CC6=CC=C(C=C6)Cl)N=C([C@@H](CC7=CC8=CC=CC=C8C=C7)N=C(C)O)O)O)O)O)O)O)O)O
2265,CN1C=NC(=C1SC2=NC=NC3=C2NC=N3)[N+](=O)[O-]
2266,C(CCCC(=O)O)CCCC(=O)O
2267,CN1CCCC(CC1)N2C(=O)C3=CC=CC=C3C(=N2)CC4=CC=C(C=C4)Cl
3000540,CCC[C@@H]1C[C@H](N(C1)C)C(=O)N[C@@H]([C@@H]2[C@@H]([C@@H]([C@H]([C@H](O2)SC)O)O)O)[C@@H](C)O
157920,CCCCC([C@]1(CC[C@H]2[C@H](O1)CC(=O)[C@@H]2CCCCCCC(=O)O)O)(F)F
2284,C1=CC(=CC=C1C(CC(=O)O)CN)Cl
2286,CC(C)(C1=CC=C(C=C1)OCC2CO2)C3=CC=C(C=C3)OCC4CO4
92400,C[C@H](CSC(=O)C1=CC=CC=C1)C(=O)N2C[C@H](C[C@H]2C(=O)O)SC3=CC=CC=C3
26879,C1CSC2=N[C@H](CN21)C3=CC=CC=C3
10127622,CN1C=NC2=C1C=C(C(=C2F)NC3=C(C=C(C=C3)Br)Cl)C(=O)NOCCO
6441712,C1[C@H]([C@H]([C@@H]([C@H]1O)SC[C@@H](COC2=CC(=CC=C2)Cl)O)C/C=C\CCCC(=O)O)O
2313,C1=CC=C(C=C1)CN2C3=CC=CC=C3C(=N2)OCC(=O)O
2315,C1=CC=C(C=C1)CC2NC3=C(C=C(C(=C3)C(F)(F)F)S(=O)(=O)N)S(=O)(=O)N2
2327,C1=CC(=C(C(=C1CNNC(=O)C(CO)N)O)O)O
477468,CCCCCOC1=CC=C(C=C1)C2=CC(=NO2)C3=CC=C(C=C3)C(=O)N[C@H]4C[C@H]([C@H](NC(=O)[C@@H]5[C@H]([C@H](CN5C(=O)[C@@H](NC(=O)[C@@H](NC(=O)[C@@H]6C[C@H](CN6C(=O)[C@@H](NC4=O)[C@@H](C)O)O)[C@@H]([C@H](C7=CC(=C(C=C7)O)OS(=O)(=O)O)O)O)[C@@H](CC(=O)N)O)C)O)O)O
2337,CCOC(=O)C1=CC=C(C=C1)N
10531,C[C@@]1(C(=O)N2[C@H](C(=O)N3CCC[C@H]3[C@@]2(O1)O)CC4=CC=CC=C4)NC(=O)[C@@H]5C[C@H]6[C@@H](CC7=CNC8=CC=CC6=C78)N(C5)C
2343,C1=CC=C(C=C1)CSCC2=NS(=O)(=O)C3=CC(=C(C=C3N2)Cl)S(=O)(=O)N
9832750,C[C@H]1/C=C/C=C/2\CO[C@H]3[C@@]2([C@@H](C=C([C@H]3O)C)C(=O)O[C@H]4C[C@@H](C/C=C(/[C@H]1O[C@H]5C[C@@H]([C@H]([C@@H](O5)C)O[C@H]6C[C@@H]([C@H]([C@@H](O6)C)O)OC)OC)\C)O[C@]7(C4)C=C[C@@H]([C@H](O7)C8CCCCC8)C)O
2351,CC(C)COCC(CN(CC1=CC=CC=C1)C2=CC=CC=C2)N3CCCC3
2350,C1CN(CCC1OC(C2=CC=C(C=C2)Cl)C3=CC=CC=N3)CCCC(=O)O
2353,COC1=C(C2=C[N+]3=C(C=C2C=C1)C4=CC5=C(C=C4CC3)OCO5)OC
10548,CCOP(=O)(OCC)SCC[N+](C)(C)C
9865528,C1=CC=C(C=C1)[C@H](CNCCC2=CC=C(C=C2)NC(=O)CC3=CSC(=N3)N)O
54675769,CC1=C(C=CC2=C1OC(=O)C(=C2O)NC(=O)C3=CC(=C(C=C3)O)CC=C(C)C)O[C@H]4[C@@H]([C@@H]([C@H](C(O4)(C)C)OC)OC(=O)N)O
2365,C1COC1=O
2366,CNCCC1=CC=CC=N1
54675776,C[C@@]1([C@H]2C[C@H]3[C@@H](C(=O)C(=C([C@]3(C(=O)C2=C(C4=C1C=CC=C4O)O)O)O)C(=O)N)N(C)C)O
2369,CC(C)NCC(COC1=CC=C(C=C1)CCOCC2CC2)O
54675777,C[C@@]1([C@H]2C[C@H]3[C@@H](C(=O)C(=C([C@]3(C(=O)C2=C(C4=C(C=CC(=C41)Cl)O)O)O)O)C(=O)N)N(C)C)O
54675779,C[C@@]1([C@H]2[C@@H]([C@H]3[C@@H](C(=O)C(=C([C@]3(C(=O)C2=C(C4=C1C=CC=C4O)O)O)O)C(=O)N)N(C)C)O)O
2370,CC(C[N+](C)(C)C)OC(=O)N
2368,CNC(=NC)NCC1=CC=CC=C1
2375,CC(CS(=O)(=O)C1=CC=C(C=C1)F)(C(=O)NC2=CC(=C(C=C2)C#N)C(F)(F)F)O
54675783,CN(C)[C@H]1[C@@H]2C[C@@H]3CC4=C(C=CC(=C4C(=C3C(=O)[C@@]2(C(=C(C1=O)C(=O)N)O)O)O)O)N(C)C
54675785,CN(C)[C@H]1[C@@H]2[C@H]([C@@H]3C(=C)C4=C(C(=CC=C4)O)C(=C3C(=O)[C@@]2(C(=C(C1=O)C(=O)N)O)O)O)O
2378,C1=CC=C(C=C1)C2=CC=C(C=C2)C(C3=CC=CC=C3)N4C=CN=C4
2381,C1CCN(CC1)CCC(C2CC3CC2C=C3)(C4=CC=CC=C4)O
6433107,CCC1=CC(=C(C=C1)NC2=C(C(=CC(=C2F)F)F)F)CC(=O)O
44230999,CC(C)OC(=O)CNC1=CC=CC(=N1)CN(CC2=CC=C(C=C2)N3C=CC=N3)S(=O)(=O)C4=CN=CC=C4
2391,CC(=O)OC1=CC=C(C=C1)C(C2=CC=C(C=C2)OC(=O)C)C3=CC=CC=N3
24775005,C[C@@H]1CN(C[C@@H](O1)C)C2=NC=C(C=C2)NC(=O)C3=CC=CC(=C3C)C4=CC=C(C=C4)OC(F)(F)F
2405,CC(C)NCC(COC1=CC=C(C=C1)COCCOC(C)C)O
26987,C[C@@](C1=CC=CC=C1)(C2=CC=C(C=C2)Cl)OCC[C@H]3CCCN3C
11250029,CC1=CC(=CC(=C1C[C@@H](C(=O)N(CC2=CC(=C(C=C2)OC)C(=O)O)[C@@H](C)C3=NC=C(N3)C4=CC=CC=C4)N)C)C(=O)N
10607,COC1=CC(=CC(=C1OC)OC)[C@H]2[C@@H]3[C@H](COC3=O)[C@H](C4=CC5=C(C=C24)OCO5)O
387447,B([C@H](CC(C)C)NC(=O)[C@H](CC1=CC=CC=C1)NC(=O)C2=NC=CN=C2)(O)O
59768,CC(C)NCC(COC1=CC=C(C=C1)CCC(=O)OC)O
11667832,C1CC1CN2CC[C@]34CC(=O)CC[C@]3([C@H]2CC5=C4C(=C(C=C5)C(=O)N)O)O
23652731,CCCCCCCC(=O)N[C@H](CN1CCCC1)[C@@H](C2=CC3=C(C=C2)OCCO3)O
444795,CC1=C(C(CCC1)(C)C)/C=C/C(=C/C=C/C(=C/C(=O)O)/C)/C
10621,C[C@H]1[C@@H]([C@H]([C@H]([C@@H](O1)OC[C@@H]2[C@H]([C@@H]([C@H]([C@@H](O2)OC3=CC(=C4C(=O)C[C@H](OC4=C3)C5=CC(=C(C=C5)OC)O)O)O)O)O)O)O)O
2431,CC[N+](C)(C)CC1=CC=CC=C1Br
46188928,C1C[C@@H](N(C1)C2=NC3=C(C=NN3C=C2)NC(=O)N4CC[C@@H](C4)O)C5=C(C=CC(=C5)F)F
2435,C1CN=C(N1)NC2=C(C3=NC=CN=C3C=C2)Br
2441,C1C(=O)NC2=C(C=C(C=C2)Br)C(=N1)C3=CC=CC=N3
2442,CN(CC1=C(C(=CC(=C1)Br)Br)N)C2CCCCC2
3000715,CCCC(C)C1(C(=O)NC(=S)NC1=O)CC
2444,CN(C)CCOC(C1=CC=CC=C1)C2=CC=C(C=C2)Br
6433164,C(=C/C(=O)[O-])\C(=O)[O-].[Fe+2]
10324367,CC1([C@@H]2[C@H]1[C@H](N(C2)C(=O)[C@H](C(C)(C)C)NC(=O)NC(C)(C)C)C(=O)NC(CC3CCC3)C(=O)C(=O)N)C
11610526,CN1CCC(CC1)C(=O)C2=NC(=CC=C2)NC(=O)C3=C(C=C(C=C3F)F)F
2466,CCCCOC1=CC=C(C=C1)CC(=O)NO
10660,CN1C2=C(C(=O)N(C1=O)C)NC(=N2)Cl.CN(C)CCOC(C1=CC=CC=C1)C2=CC=CC=C2
2471,CCCCNC1=C(C(=CC(=C1)C(=O)O)S(=O)(=O)N)OC2=CC=CC=C2
2474,CCCCN1CCCCC1C(=O)NC2=C(C=CC=C2C)C
10348973,CN(C)CC1=C(SC2=C1C(=O)N(C(=O)N2CC3=C(C=CC=C3F)F)C4=NN=C(C=C4)OC)C5=CC=C(C=C5)NC(=O)NOC
2477,C1CCC2(C1)CC(=O)N(C(=O)C2)CCCCN3CCN(CC3)C4=NC=CC=N4
2478,CS(=O)(=O)OCCCCOS(=O)(=O)C
2479,CCC(C)C1(C(=O)NC(=O)NC1=O)CC
2481,CC(C)CC1(C(=O)NC(=O)NC1=O)CC=C
2482,CCCCOC(=O)C1=CC=C(C=C1)N
51634,CCCCN1C[C@@H]([C@H]([C@@H]([C@H]1CO)O)O)O
2484,CC(C)(C)C1=CC=C(C=C1)CN(C)CC2=CC=CC3=CC=CC=C32
9906614,CC1=C[C@@H]2[C@H](CC[C@]3([C@H]2CC(=C)[C@@]3(C(=O)C)O)C)[C@@]4(C1=CC(=O)CC4)C
10680,C1=CC=C(C=C1)C2=CC(=O)C3=CC=CC=C3O2
3033538,CC1=CC=CC=C1N2CCN(CC2)CCC3=NN=C4N3CCCC4
138611145,CN1CCC[C@H]1COC2=NC3=C(CCN(C3)C4=CC=CC5=C4C(=CC=C5)Cl)C(=N2)N6CCN([C@H](C6)CC#N)C(=O)C(=C)F
2519,CN1C=NC2=C1C(=O)N(C(=O)N2C)C
2520,CC(C)C(CCCN(C)CCC1=CC(=C(C=C1)OC)OC)(C#N)C2=CC(=C(C=C2)OC)OC
16681432,CC[C@H](C)[C@H]1C(=O)N[C@H](C(=O)N[C@H](C(=O)N[C@@H](CSCCCC(=O)N[C@H](C(=O)N1)CC2=CC=C(C=C2)OC)C(=O)N3CCC[C@H]3C(=O)N[C@@H](CC(C)C)C(=O)NCC(=O)N)CC(=O)N)CCC(=O)N
24873435,CC1=C(C=CC2=C1N=C(C=C2O[C@@H]3C[C@@H]4[C@@H](C3)C(=O)N(CCCC/C=C\[C@@H]5C[C@]5(NC4=O)C(=O)NS(=O)(=O)C6CC6)C)C7=NC(=CS7)C(C)C)OC
44591583,B1(C2=C(CO1)C=C(C=C2)OC3=CC=C(C=C3)C#N)O
2540,CCOC1=NC2=CC=CC(=C2N1CC3=CC=C(C=C3)C4=CC=CC=C4C5=NNN=N5)C(=O)OC(C)OC(=O)OC6CCCCC6
54684141,C/C(=C(\C#N)/C(=O)NC1=CC=C(C=C1)C(F)(F)F)/O
27125,C[C@]12CC[C@H]3[C@H]([C@@H]1[C@H]([C@H]([C@@H]2O)O)O)CCC4=C3C=CC(=C4)O
2551,C[N+](C)(C)CCOC(=O)N
16656889,COC1=C(C(=C(C=C1)F)F)COC2=C(C=C(C(=C2)N3C(=O)C4=C(SC=C4NC3=O)C(=O)O)F)OC
2554,C1=CC=C2C(=C1)C=CC3=CC=CC=C3N2C(=O)N
25102847,COC1=CC2=C(C=CN=C2C=C1OC)OC3=CC=C(C=C3)NC(=O)C4(CC4)C(=O)NC5=CC=C(C=C5)F
2562,CCN(CC)CCOCCOC(=O)C1(CCCC1)C2=CC=CC=C2
2564,CN(C)CCOC(C1=CC=C(C=C1)Cl)C2=CC=CC=N2
2576,CCCC(C)(COC(=O)N)COC(=O)NC(C)C
57379345,CC1=CC(=C(C=C1C2CCNCC2)OC(C)C)NC3=NC=C(C(=N3)NC4=CC=CC=C4S(=O)(=O)C(C)C)Cl
2578,C(CCl)NC(=O)N(CCCl)N=O
10770,CC(CNC1CCCCC1)OC(=O)C2=CC=CC=C2
2581,CC(C1=CC2=C(C=C1)C3=C(N2)C=CC(=C3)Cl)C(=O)O
2583,CC(C)(C)NCC(COC1=CC=CC2=C1CCC(=O)N2)O
5311000,C[C@@H]1C[C@H]2[C@@H]3[C@@H](CC4=CC(=O)C=C[C@@]4([C@H]3[C@H](C[C@@]2([C@]1(C(=O)CO)O)C)O)C)Cl
2585,COC1=CC=CC=C1OCCNCC(COC2=CC=CC3=C2C4=CC=CC=C4N3)O
5311010,CC[C@H](C)[C@H]1C(=O)N[C@H](C(=O)N[C@H](C(=O)N[C@@H](CSSCCC(=O)N[C@@H](C(=O)N1)CC2=CC=C(C=C2)OCC)C(=O)N3CCC[C@H]3C(=O)N[C@@H](CCCN)C(=O)NCC(=O)N)CC(=O)N)[C@@H](C)O
5311017,C[C@@H](CC1=CC=CC=C1)N(C)CC2=CC=CC=C2
35370,CC1=CN(C(=O)NC1=O)[C@H]2C[C@@H]([C@H](O2)CO)N=[N+]=[N-]
92722,C[C@@H]1CCN([C@H](C1)C(=O)O)C(=O)[C@H](CCCN=C(N)N)NS(=O)(=O)C2=CC=CC3=C2NCC(C3)C
5311027,CCNC(=O)CCC/C=C\C[C@H]1[C@H](C[C@H]([C@@H]1/C=C/[C@H](CCC2=CC=CC=C2)O)O)O
11979316,C1CC(N(C1)C(=O)C2CSSCC(C(=O)NC(C(=O)NC(C(=O)NC(C(=O)NC(C(=O)N2)CC(=O)N)CCC(=O)N)CC3=CC=CC=C3)CC4=CC=C(C=C4)O)N)C(=O)NC(CCCCN)C(=O)NCC(=O)N.C1CC(N(C1)C(=O)C2CSSCC(C(=O)NC(C(=O)NC(C(=O)NC(C(=O)NC(C(=O)N2)CC(=O)N)CCC(=O)N)CC3=CC=CC=C3)CC4=CC=C(C=C4)O)N)C(=O)NC(CCCN=C(N)N)C(=O)NCC(=O)N
92727,CC1=C(C(=CC=C1)C)OCC(=O)N[C@@H](CC2=CC=CC=C2)[C@H](C[C@H](CC3=CC=CC=C3)NC(=O)[C@H](C(C)C)N4CCCNC4=O)O
11643449,CC[C@@]1(C[C@H]2C[C@@](C3=C(CCN(C2)C1)C4=CC=CC=C4N3)(C5=C(C=C6C(=C5)[C@]78CCN9[C@H]7[C@@](C=CC9)([C@H]([C@@]([C@@H]8N6C)(C(=O)N)O)O)CC)OC)C(=O)OC)O
19003,CC1([C@@H](N2[C@H](S1)[C@@H](C2=O)NC(=O)C3(CCCCC3)N)C(=O)O)C
5311037,CCN1C2=C(C(=O)N(C1=O)CC)N(C(=N2)/C=C/C3=CC(=C(C=C3)OC)OC)C
54676038,C1=CC=C2C(=C1)C(=C(C(=O)O2)CC3=C(C4=CC=CC=C4OC3=O)O)O
43594,C1C(=C(N2[C@H](S1)[C@@H](C2=O)NC(=O)[C@@H](C3=CC=CC=C3)O)C(=O)O)CSC4=NN=NN4CS(=O)(=O)O
5311051,C[C@H]1C[C@H]2[C@@H]3CCC4=CC(=O)C=C[C@@]4([C@]3([C@H](C[C@@]2([C@]1(C(=O)CCl)O)C)O)F)C
5311052,C[C@@H]1C[C@H]2[C@@H]3C[C@@H](C4=CC(=O)C=C[C@@]4([C@]3([C@H](C[C@@]2([C@H]1C(=O)CO)C)O)Cl)C)F
10836,C[C@@H](CC1=CC=CC=C1)NC
5311065,C1C[C@H](N(C1)C(=O)[C@@H]2CSSCCC(=O)N[C@H](C(=O)N[C@H](C(=O)N[C@H](C(=O)N[C@H](C(=O)N2)CC(=O)N)CCC(=O)N)CC3=CC=CC=C3)CC4=CC=C(C=C4)O)C(=O)N[C@H](CCCN=C(N)N)C(=O)NCC(=O)N
5311066,C[C@]12C[C@@H]([C@H]3[C@H]([C@@H]1C[C@@H]4[C@]2(OC(O4)(C)C)C(=O)CO)CCC5=CC(=O)C=C[C@]35C)O
5311067,C[C@@H]1C[C@H]2[C@@H]3CCC4=CC(=O)C=C[C@@]4([C@]3([C@H](C[C@@]2([C@H]1C(=O)CO)C)O)F)C
5311068,CC1=C(C(=CC=C1)[C@H](C)C2=CN=CN2)C
5311071,C[C@H]\1CC[C@@H](C/C1=C\C=C\2/CCC[C@]3([C@H]2CC[C@@H]3[C@H](C)/C=C/[C@H](C)C(C)C)C)O
2662,CC1=CC=C(C=C1)C2=CC(=NN2C3=CC=C(C=C3)S(=O)(=O)N)C(F)(F)F
2663,CCN(CC)C(=O)NC1=CC(=C(C=C1)OCC(CNC(C)(C)C)O)C(=O)C
71731823,C[C@@H]1C2=C(C=CC(=C2)F)C(=O)N(CC3=NN(C(=C3C4=CC(=C(N=C4)N)O1)C#N)C)C
92786,CC(=O)[C@H]1CC[C@@H]2[C@@]1(CC[C@H]3[C@H]2CC[C@@H]4[C@@]3(CC[C@H](C4)O)C)C
2678,C1CN(CCN1CCOCC(=O)O)C(C2=CC=CC=C2)C3=CC=C(C=C3)Cl
11750009,CCC(=O)O[C@@]1(CC[C@@H]2[C@@]1(CC[C@H]3[C@H]2CCC4=CC(=O)CC[C@]34C)C)C(=O)CO
2681,CCCCCCCCCCCCCCCC[N+](C)(C)C
5311101,C[C@@H]1C[C@H]2[C@@H]3C[C@@H](C4=CC(=O)C=C[C@@]4([C@]3([C@H](C[C@@]2([C@]1(C(=O)SCF)O)C)O)F)C)F
5352062,C/C=C\1/C(=O)N[C@H](C(=O)O[C@H]\2CC(=O)N[C@@H](C(=O)N[C@H](CSSCC/C=C2)C(=O)N1)C(C)C)C(C)C
9898639,CC([C@@H]1CC[C@H]([C@H](O1)O[C@@H]2[C@H](C[C@H]([C@@H]([C@H]2O)O[C@@H]3[C@@H]([C@H]([C@@](CO3)(C)O)NC)O)N)N)N)N.CC([C@@H]1CC[C@H]([C@H](O1)O[C@@H]2[C@H](C[C@H]([C@@H]([C@H]2O)O[C@@H]3[C@@H]([C@H]([C@@](CO3)(C)O)NC)O)N)N)N)NC.C[C@@]1(CO[C@@H]([C@@H]([C@H]1NC)O)O[C@H]2[C@@H](C[C@@H]([C@H]([C@@H]2O)O[C@@H]3[C@@H](CC[C@H](O3)CN)N)N)N)O
21867154,CCCC(CCC)C(=O)OC1CC2CCC(C1)[N+]2(C)C.[Br-]
2708,C1=CC(=CC=C1CCCC(=O)O)N(CCCl)CCCl
166548,CCCCCOC1=CC=C(C=C1)C2=CC=C(C=C2)C3=CC=C(C=C3)C(=O)N[C@H]4C[C@H]([C@H](NC(=O)[C@@H]5[C@H]([C@H](CN5C(=O)[C@@H](NC(=O)[C@@H](NC(=O)[C@@H]6C[C@H](CN6C(=O)[C@@H](NC4=O)[C@@H](C)O)O)[C@@H]([C@H](C7=CC=C(C=C7)O)O)O)[C@@H](C)O)C)O)O)O
2710,CN1CCN(CC1)C(C2=CC=CC=C2)C3=CC=C(C=C3)Cl
101272215,CCN(CC)C1=CC=C(C=C1)C(=C2C=CC(=[N+](CC)CC)C=C2)C3=CC(=O)C(=CC3=S(=O)(O)O)S(=O)(=O)O
5311128,CC(C)C[C@@H](C(=O)N[C@@H](CCCN=C(N)N)C(=O)N1CCC[C@H]1C(=O)NNC(=O)N)NC(=O)[C@@H](COC(C)(C)C)NC(=O)[C@H](CC2=CC=C(C=C2)O)NC(=O)[C@H](CO)NC(=O)[C@H](CC3=CNC4=CC=CC=C43)NC(=O)[C@H](CC5=CN=CN5)NC(=O)[C@@H]6CCC(=O)N6
2713,C1=CC(=CC=C1NC(=NC(=NCCCCCCN=C(N)N=C(N)NC2=CC=C(C=C2)Cl)N)N)Cl
43672,CCN1CCN(C(=O)C1=O)C(=O)N[C@H](C2=CC=CC=C2)C(=O)N[C@H]3[C@@H]4N(C3=O)[C@H](C(S4)(C)C)C(=O)O
2717,CN1C(S(=O)(=O)CCC1=O)C2=CC=C(C=C2)Cl
2719,CCN(CC)CCCC(C)NC1=C2C=CC(=CC2=NC=C1)Cl
2720,C1=C2C(=CC(=C1Cl)S(=O)(=O)N)S(=O)(=O)N=CN2
10917,C[N+](C)(C)C[C@@H](CC(=O)[O-])O
2726,CN(C)CCCN1C2=CC=CC=C2SC3=C1C=C(C=C3)Cl
2725,CN(C)CCC(C1=CC=C(C=C1)Cl)C2=CC=CC=N2
2727,CCCNC(=O)NS(=O)(=O)C1=CC=C(C=C1)Cl
11504295,CC(C)(CC1=CC=C(C=C1)OC)NC[C@@H](C2=C3C(=CC(=C2)O)NC(=O)CO3)O
2732,C1=CC=C2C(=C1)C(=O)NC2(C3=CC(=C(C=C3)Cl)S(=O)(=O)N)O
2733,C1=CC2=C(C=C1Cl)NC(=O)O2
6326970,[Se]
43708,CN(C)CCN1C(=NN=N1)SCC2=C(N3[C@@H]([C@@H](C3=O)NC(=O)CC4=CSC(=N4)N)SC2)C(=O)O
2749,CC1=CC(=O)N(C(=C1)C2CCCCC2)O
5311167,C[C@H]1C[C@H]2[C@@H]3C[C@@H](C4=CC(=O)C=C[C@@]4([C@]3([C@H](C[C@@]2([C@]1(C(=O)CCl)O)C)O)F)C)F
2754,C1CCC(CC1)N2C(=NN=N2)CCCCOC3=CC4=C(C=C3)NC(=O)CC4
2756,CC1=C(N=CN1)CSCCNC(=NC)NC#N
3001028,C[C@]12CC[C@H]3[C@H]([C@@H]1CCC2=O)CCC4=C3C=CC(=C4)OS(=O)(=O)O
2762,CCN1C2=CC3=C(C=C2C(=O)C(=N1)C(=O)O)OCO3
11561674,CCOC1=C(C=CC(=C1)[C@@H](CS(=O)(=O)C)N2C(=O)C3=C(C2=O)C(=CC=C3)NC(=O)C)OC
2764,C1CC1N2C=C(C(=O)C3=CC(=C(C=C32)N4CCNCC4)F)C(=O)O
5311181,CC#CCC(C)[C@@H](/C=C/[C@H]1[C@@H](C[C@H]2[C@@H]1C/C(=C/CCCC(=O)O)/C2)O)O
19150,CC(=O)OCC1=C(N2[C@@H]([C@@H](C2=O)NC(=O)[C@@H](C3=CC=CC=C3)N)SC1)C(=O)O
2763,CC(C)(C(=O)O)OC1=CC=C(C=C1)C2CC2(Cl)Cl
84691,N.N.[Cl-].[Cl-].[Pt+2]
2771,CN(C)CCCC1(C2=C(CO1)C=C(C=C2)C#N)C3=CC=C(C=C3)F
3033818,C1[C@@H]2CC(C[C@H]3N2CC(=O)C1C3)OC(=O)C4=CNC5=CC=CC=C54
2783,CC(C)(C)NCC(C1=CC(=C(C(=C1)Cl)N)Cl)O
2784,C[N+]12CCC(CC1)C(C2)OC(=O)C(C3=CC=CC=C3)(C4=CC=CC=C4)O
3033825,C[C@@H]1CC(=O)NN=C1C2=CC=C(C=C2)NN=C(C#N)C#N
2789,CN1C(=O)CC(=O)N(C2=C1C=CC(=C2)Cl)C3=CC=CC=C3
2794,CC(C)N=C1C=C2C(=NC3=CC=CC=C3N2C4=CC=C(C=C4)Cl)C=C1NC5=CC=C(C=C5)Cl
2795,CN(C)CCC(C1=CC=CC=C1)(C2=CC=CC=C2Cl)O
2796,CCOC(=O)C(C)(C)OC1=CC=C(C=C1)Cl
2800,CCN(CC)CCOC1=CC=C(C=C1)C(=C(C2=CC=CC=C2)Cl)C3=CC=CC=C3
2801,CN(C)CCCN1C2=CC=CC=C2CCC3=C1C=C(C=C3)Cl
5311217,CCOC(=O)C1=C(NC(=C(C1C2=CC=CC=C2/C=C/C(=O)OC(C)(C)C)C(=O)OCC)C)C
2803,C1CN=C(N1)NC2=C(C=CC=C2Cl)Cl
135449332,CC1=C(C=C(C=C1)N2C(=O)C(=C(N2)C)N=NC3=CC=CC(=C3O)C4=CC(=CC=C4)C(=O)O)C
60149,C1CN(CCC1C2=CN(C3=C2C=C(C=C3)Cl)C4=CC=C(C=C4)F)CCN5CCNC5=O
2802,C1C(=O)NC2=C(C=C(C=C2)[N+](=O)[O-])C(=N1)C3=CC=CC=C3Cl
19191,CC1(C(=[N+](C2=C1C3=CC=CC=C3C=C2)CCCCS(=O)(=O)O)C=CC=CC=CC=C4C(C5=C(N4CCCCS(=O)(=O)O)C=CC6=CC=CC=C65)(C)C)C
5311221,CC(C)OC(=O)CCC/C=C\C[C@H]1[C@H](C[C@H]([C@@H]1CC[C@H](CCC2=CC=CC=C2)O)O)O
2809,C1=CC=C(C=C1)C2=NC(C(=O)NC3=C2C=C(C=C3)Cl)C(=O)O
135400182,CC1=NC2=C(C=C(C=C2)CN(C)C3=CC=C(S3)C(=O)N[C@@H](CCC(=O)O)C(=O)O)C(=O)N1
2811,CCC1=CC2=C(S1)N(C(=O)CN=C2C3=CC=CC=C3Cl)C
2812,C1=CC=C(C=C1)C(C2=CC=CC=C2)(C3=CC=CC=C3Cl)N4C=CN=C4
135400189,CCCC1=NC(=C2N1N=C(NC2=O)C3=C(C=CC(=C3)S(=O)(=O)N4CCN(CC4)CC)OCC)C
5360373,CC1=C(N=C(N=C1N)[C@H](CC(=O)N)NC[C@@H](C(=O)N)N)C(=O)N[C@@H]([C@H](C2=CN=CN2)OC3C(C(C(C(O3)CO)O)O)OC4C(C(C(C(O4)CO)O)OC(=O)N)O)C(=O)N[C@H](C)[C@H]([C@H](C)C(=O)N[C@@H]([C@@H](C)O)C(=O)NCCC5=NC(=CS5)C6=NC(=CS6)C(=O)NCCC[S+](C)C)O
969472,CN1CCN(CC1)C(=O)O[C@H]2C3=NC=CN=C3C(=O)N2C4=NC=C(C=C4)Cl
11234049,CN1N=C(N=N1)C2=NC=C(C=C2)C3=C(C=C(C=C3)N4C[C@@H](OC4=O)CO)F
54676228,CN1C(=C(C2=CC=CC=C2S1(=O)=O)O)C(=O)NC3=CC=CC=N3
60164,COC1=C(C=C(C=C1)C2=CC3=C(C=C2)C=C(C=C3)C(=O)O)C45CC6CC(C4)CC(C6)C5
27400,CN1CCC(=C2C3=C(CCC4=CC=CC=C42)SC=C3)CC1
60169,C[N+]1(CCC2=CC(=C(C(=C2C1CC3=CC(=C(C(=C3)OC)OC)OC)OC)OC)OC)CCCOC(=O)CCC(=O)OCCC[N+]4(CCC5=CC(=C(C(=C5C4CC6=CC(=C(C(=C6)OC)OC)OC)OC)OC)OC)C
16124688,C1[C@@H]2[C@H]1[C@@H]3C=C[C@H]2[C@@H]4[C@H]3C(=O)N(C4=O)NC(=O)C5=CC=C(C=C5)C(F)(F)F
11029,C(=O)([O-])[O-].[Mg+2]
60198,C[C@]12CC[C@H]3[C@H]([C@@H]1CCC2=O)CC(=C)C4=CC(=O)C=C[C@]34C
43815,C1CNC[C@H]([C@@H]1C2=CC=C(C=C2)F)COC3=CC4=C(C=C3)OCO4
150311,C1=CC(=CC=C1[C@@H]2[C@H](C(=O)N2C3=CC=C(C=C3)F)CC[C@@H](C4=CC=C(C=C4)F)O)O
969516,COC1=C(C=CC(=C1)/C=C/C(=O)CC(=O)/C=C/C2=CC(=C(C=C2)O)OC)O
92974,C1=CC(=C(C=C1[C@H]([C@@H](C(=O)O)N)O)O)O
27447,CC1=C(N2[C@@H]([C@@H](C2=O)NC(=O)[C@@H](C3=CC=CC=C3)N)SC1)C(=O)O
25267009,C1CN(C(=O)N[C@@H]1O)[C@H]2C([C@@H]([C@H](O2)CO)O)(F)F
2882,C1=CC2=C(C(=C1)OCC(COC3=CC=CC4=C3C(=O)C=C(O4)C(=O)O)O)C(=O)C=C(O2)C(=O)O
6916934,C([C@@H]1[C@H]([C@@H]([C@H]([C@H](O1)[S-])O)O)O)O.[Au+]
5311304,C1CC(C1)CN2CC[C@]34[C@@H]5[C@H](CC[C@]3([C@H]2CC6=C4C(=C(C=C6)O)O5)O)O
5311309,CC(C)C1CCC(CC1)C(=O)N[C@H](CC2=CC=CC=C2)C(=O)O
2893,CC1CC(CC(C1)(C)C)OC(=O)C(C2=CC=CC=C2)O
2895,CN(C)CCC=C1C2=CC=CC=C2C=CC3=CC=CC=C31
84815,CSCC[C@H](C(=O)O)N
2905,CN(C)CCOC(=O)C(C1=CC=CC=C1)C2(CCCC2)O
2907,C1CNP(=O)(OC1)N(CCCl)CCCl
2910,C1C2CC(C1C=C2)C3NC4=CC(=C(C=C4S(=O)(=O)N3)S(=O)(=O)N)Cl
2911,C1CCN(CC1)CCC(C2CCCC2)(C3=CC=CC=C3)O
2913,CN1CCC(=C2C3=CC=CC=C3C=CC4=CC=CC=C42)CC1
11125,[Li+].[Li+].C(=O)([O-])[O-]
51039094,CC1=C(C=CC(=C1)NC2=NC=NC3=C2C=C(C=C3)NC4=NC(CO4)(C)C)OC5=CC6=NC=NN6C=C5
5311356,CN1CC[C@]23[C@@H]4[C@H]1CC5=C2C(=C(C=C5)OCCN6CCOCC6)O[C@H]3[C@H](C=C4)O
134018,CC1=C(SC(=N1)C2=CC(=C(C=C2)OCC(C)C)C#N)C(=O)O
5360515,C1CC1CN2CC[C@]34[C@@H]5C(=O)CC[C@]3([C@H]2CC6=C4C(=C(C=C6)O)O5)O
2950,C1=CC2=C(C(=C1)O)C(=O)C3=C(C2=O)C=CC=C3O
2955,C1=CC(=CC=C1N)S(=O)(=O)C2=CC=C(C=C2)N
16722836,CC1=CN=C(N=C1NC2=CC(=CC=C2)S(=O)(=O)NC(C)(C)C)NC3=CC=C(C=C3)OCCN4CCCC4
2966,C1CN(CC2=CC=CC=C21)C(=N)N
2968,C[N+](C)(C)CCCCCCCCCC[N+](C)(C)C
3034010,CCCCCCCCCCC[C@@H](C[C@H]1[C@@H](C(=O)O1)CCCCCC)OC(=O)[C@H](CC(C)C)NC=O
2972,CC1=C(C(=O)C=CN1C)O
2973,CC(=O)N(CCCCCNC(=O)CCC(=O)N(CCCCCNC(=O)CCC(=O)N(CCCCCN)O)O)O
5311399,CCC(=O)O[C@H]1[C@H](C[C@@H]2[C@@]1(CC[C@H]3[C@H]2CC[C@@H]4[C@@]3(C[C@@H]([C@H](C4)OC(=O)C)N5CCCCC5)C)C)[N+]6(CCCCC6)CC=C
445354,CC1=C(C(CCC1)(C)C)/C=C/C(=C/C=C/C(=C/CO)/C)/C
158637,C1=CC(=CC=C1O)O[C@@H]2[C@@H]([C@H]([C@@H]([C@H](O2)CO)O)O)O
2993,CC1=[N+](C2=CC=CC=C2C(=C1)N)CCCCCCCCCC[N+]3=C(C=C(C4=CC=CC=C43)N)C
3034034,COC1=CC2=C(C=CN=C2C=C1)[C@H]([C@@H]3C[C@@H]4CCN3C[C@@H]4C=C)O
2995,CNCCCN1C2=CC=CC=C2CCC3=CC=CC=C31
5311412,CCC(=O)[C@]1([C@@H](C[C@@H]2[C@@]1(C[C@@H]([C@H]3[C@H]2CCC4=CC(=O)C=C[C@]34C)O)C)C)C
13020083,C(CN(CC(=O)[O-])CC(=O)[O-])N(CC(=O)O)CC(=O)O.[Na+].[Na+]
11192,CC(=O)[O-].CC(=O)[O-].[Zn+2]
3007,CC(CC1=CC=CC=C1)N
10275777,CN(C)C(=N)C1=CC=C(C=C1)C(=O)NC2=C(C=C(C=C2)OC)C(=O)NC3=NC=C(C=C3)Cl
3009,C(CC(C(F)F)(C(=O)O)N)CN
9948102,C1CCN(CC1)CCCOCCCC2=CC=C(C=C2)Cl
3016,CN1C(=O)CN=C(C2=C1C=CC(=C2)Cl)C3=CC=CC=C3
3019,CC1=NS(=O)(=O)C2=C(N1)C=CC(=C2)Cl
4369359,C1CN2C(=NN=C2C(F)(F)F)CN1C(=O)C[C@@H](CC3=CC(=C(C=C3F)F)F)N
3025,CCCCOC1=NC2=CC=CC=C2C(=C1)C(=O)NCCN(CC)CC
11250647,CC1=C(C(=O)N(C(=O)N1CC2=C(C=CC=C2F)C(F)(F)F)C[C@@H](C3=CC=CC=C3)NCCCC(=O)O)C4=C(C(=CC=C4)OC)F
5311447,CCOC(=O)[C@H](CCC1=CC=CC=C1)N[C@@H](C)C(=O)N2CC3(C[C@H]2C(=O)O)SCCS3
3033,C1=CC=C(C(=C1)CC(=O)O)NC2=C(C=CC=C2Cl)Cl
5311454,CC(C)(C)C(/C=C/C1=CC2=C(C=C1)OCO2)O
3039,COP(=O)(OC)OC=C(Cl)Cl
3038,C1=C(C=C(C(=C1S(=O)(=O)N)Cl)Cl)S(=O)(=O)N
3042,CCN(CC)CCOC(=O)C1(CCCCC1)C2CCCCC2
52195,CC(C)NCCCC1(C2=CC=CC=C2C3=CC=CC=C31)C(=O)N
9833444,CSCC[C@@H](C(=O)NCC(=O)N[C@@H](CC1=CNC2=CC=CC=C21)C(=O)N[C@@H](CCSC)C(=O)N[C@@H](CC(=O)O)C(=O)N[C@@H](CC3=CC=CC=C3)C(=O)N)NC(=O)[C@H](CC4=CC=C(C=C4)OS(=O)(=O)O)NC(=O)[C@H](CC(=O)O)N
3052,CCN(CC)C(=O)N1CCN(CC1)C
3053,C(CN(CC(=O)O)CC(=O)O)N(CCN(CC(=O)O)CC(=O)O)CC(=O)O
3055,C1CCN(CC1)CCCC(C2=CC=CC=C2)(C3=CC=CC=C3)O
3059,C1=CC(=C(C=C1C2=C(C=C(C=C2)F)F)C(=O)O)O
68614,C([C@H]([C@H]([C@@H]([C@H](C=O)[18F])O)O)O)O
3080,C(C(CS)S)O
5311497,CCC1=C[C@H]2C[C@@](C3=C(CN(C2)C1)C4=CC=CC=C4N3)(C5=C(C=C6C(=C5)[C@]78CCN9[C@H]7[C@@](C=CC9)([C@H]([C@@]([C@@H]8N6C)(C(=O)OC)O)OC(=O)C)CC)OC)C(=O)OC
68617,CN[C@H]1CC[C@H](C2=CC=CC=C12)C3=CC(=C(C=C3)Cl)Cl
11273,C[C@]12CCC(=O)C(=C1CC[C@@H]3[C@@H]2CC[C@]4([C@H]3CCC4=O)C)O
27661,C1[C@@H]([C@@H]2[C@H](O1)[C@@H](CO2)O[N+](=O)[O-])O
5311507,C1CN(CCN1CC/C=C\2/C3=CC=CC=C3SC4=C2C=C(C=C4)Cl)CCO
11291,CN1CCC2=C(C1)C(C3=CC=CC=C23)C4=CC=CC=C4
3100,CN(C)CCOC(C1=CC=CC=C1)C2=CC=CC=C2
3103,CN1CCC(CC1)OC(C2=CC=CC=C2)C3=CC=CC=C3
3105,CC(C)(C)C(=O)OC1=C(C=C(C=C1)C(CNC)O)OC(=O)C(C)(C)C
3108,C1CCN(CC1)C2=NC(=NC3=C2N=C(N=C3N4CCCCC4)N(CCO)CCO)N(CCO)CCO
3111,CC1=C(C(=O)N(N1C)C2=CC=CC=C2)N(C)CS(=O)(=O)O
3114,CC(C)N(CCC(C1=CC=CC=C1)(C2=CC=CC=N2)C(=O)N)C(C)C
3117,CCN(CC)C(=S)SSC(=S)N(CC)CC
60464,C[C@@H]1CN(C[C@@H](N1)C)C2=C(C(=C3C(=C2F)N(C=C(C3=O)C(=O)O)C4CC4)N)F
3121,CCCC(CCC)C(=O)O
5360696,CN1CC[C@@]23CCCC[C@@H]2[C@@H]1CC4=C3C=C(C=C4)OC
54676537,CC(=O)CC(C1=CC=C(C=C1)[N+](=O)[O-])C2=C(C3=CC=CC=C3OC2=O)O
44093,C[C@H](CS)C(=O)N1CCC[C@H]1C(=O)O
158781,CCCC1=NC(=C(N1CC2=CC=C(C=C2)C3=CC=CC=C3C4=NNN=N4)C(=O)O)C(C)(C)O
11333,C([C@@H]1[C@@H]([C@@H]([C@H]([C@@H](O1)O[C@@H]2[C@H](O[C@@]([C@H]2O)(CO)O)CO)O)O)O)O
60490,CC(C1=CC2=CC=CC=C2S1)N(C(=O)N)O
3151,C1CN(CCC1N2C3=C(C=C(C=C3)Cl)NC2=O)CCCN4C5=CC=CC=C5NC4=O
3152,COC1=C(C=C2C(=C1)CC(C2=O)CC3CCN(CC3)CC4=CC=CC=C4)OC
150610,C[C@@H]1[C@@H]2[C@H](C(=O)N2C(=C1S[C@H]3C[C@H](NC3)C(=O)NC4=CC=CC(=C4)C(=O)O)C(=O)O)[C@@H](C)O
3156,CCN1CC(C(C1=O)(C2=CC=CC=C2)C3=CC=CC=C3)CCN4CCOCC4
3157,COC1=C(C=C2C(=C1)C(=NC(=N2)N3CCN(CC3)C(=O)C4COC5=CC=CC=C5O4)N)OC
3158,CN(C)CCC=C1C2=CC=CC=C2COC3=CC=CC=C31
3162,CC(C1=CC=CC=C1)(C2=CC=CC=N2)OCCN(C)C
3168,C1CN(CC=C1N2C3=CC=CC=C3NC2=O)CCCC(=O)C4=CC=C(C=C4)F
68712,C1CC1C(C2CC2)NC3=NCCO3
3180,CCCCOC1=CC=C(C=C1)C(=O)CCN2CCCCC2
3182,CN1C2=C(C(=O)N(C1=O)C)N(C=N2)CC(CO)O
68723,C1CN(CCN1CCOC(=O)C2=CC=CC=C2NC3=C4C=CC(=CC4=NC=C3)C(F)(F)F)C5=CC=CC(=C5)C(F)(F)F
3191,CC(C)(C)C1=CC=C(C=C1)C(=O)CCCN2CCC(CC2)OC(C3=CC=CC=C3)C4=CC=CC=C4
3198,C1=CC(=CC=C1COC(CN2C=CN=C2)C3=C(C=C(C=C3)Cl)Cl)Cl
3202,CC[N+](C)(C)C1=CC(=CC=C1)O
68740,C1=CN(C=N1)CC(O)(P(=O)(O)O)P(=O)(O)O
445580,CC/C=C\C/C=C\C/C=C\C/C=C\C/C=C\C/C=C\CCC(=O)O
6540428,CCC(CO)NC(=O)[C@H]1CN([C@@H]2CC3=CN(C4=CC=CC(=C34)C2=C1)C)C
3219,CCOCCN1C2=CC=CC=C2N=C1N3CCCN(CC3)C
3226,C(C(OC(F)F)(F)F)(F)Cl
44187,CCN1CCN(C(=O)C1=O)C(=O)N[C@H](C2=CC=C(C=C2)O)C(=O)N[C@H]3[C@@H]4N(C3=O)C(=C(CS4)CSC5=NN=NN5C)C(=O)O
10071196,CC(C)COC1=CC=C(C=C1)CNC(=O)N(CC2=CC=C(C=C2)F)C3CCN(CC3)C
3229,CCN1C=C(C(=O)C2=CC(=C(N=C21)N3CCNCC3)F)C(=O)O
71584930,CCN1C2=CC(=NC=C2C=C(C1=O)C3=CC(=C(C=C3Br)F)NC(=O)NC4=CC=CC=C4)NC
27812,CC[C@]12C=CC3=C4CCC(=O)C=C4CC[C@H]3[C@@H]1CC[C@]2(C#C)O
5459110,C[N+]1([C@@H]2CC(C[C@H]1[C@H]3[C@@H]2O3)OC(=O)[C@H](CO)C4=CC=CC=C4)C.[Br-]
3241,C1C2C3=CC=CC=C3CC4=CC=CC=C4N2C(=N1)N
216235,CC1=CC2=C(C=C1CC(=O)C3=C(C=CS3)S(=O)(=O)NC4=C(C(=NO4)C)Cl)OCO2
216239,CNC(=O)C1=NC=CC(=C1)OC2=CC=C(C=C2)NC(=O)NC3=CC(=C(C=C3)Cl)C(F)(F)F
68783,CC1=C[C@@H]2[C@H](CC[C@]3([C@H]2CC[C@@]3(C(=O)C)O)C)[C@@H]4C1=CC(=O)CC4
9931954,CNCC1=CC=C(C=C1)C2=C3CCNC(=O)C4=C3C(=CC(=C4)F)N2
11442,CC1=C(C(=O)CC1OC(=O)C2C(C2(C)C)C=C(C)C)CC=C
68792,CN1C(=CN=C1COC2=CC=C(C=C2)SC)[N+](=O)[O-]
60605,C[C@@H]1CN(C[C@@H](N1)C)C2=C(C3=C(C(=C2F)F)C(=O)C(=CN3C4CC4)C(=O)O)F
60606,COC(=O)[C@H](C1=CC=CC=C1Cl)N2CCC3=C(C2)C=CS3
3261,C1C2=NN=CN2C3=C(C=C(C=C3)Cl)C(=N1)C4=CC=CC=C4
6442177,C[C@@H]1CC[C@H]2C[C@@H](/C(=C/C=C/C=C/[C@H](C[C@H](C(=O)[C@@H]([C@@H](/C(=C/[C@H](C(=O)C[C@H](OC(=O)[C@@H]3CCCCN3C(=O)C(=O)[C@@]1(O2)O)[C@H](C)C[C@@H]4CC[C@H]([C@@H](C4)OC)OCCO)C)/C)O)OC)C)C)/C)OC
19649,C[C@H]1[C@@]([C@H]([C@@H](O1)O[C@@H]2[C@H]([C@@H]([C@H]([C@@H]([C@H]2O)O)N=C(N)N)O)N=C(N)N)O[C@H]3[C@H]([C@@H]([C@H]([C@@H](O3)CO)O)O)NC)(C=O)O
60613,C1=CN(C(=O)N=C1N)C[C@@H](CO)OCP(=O)(O)O
445643,C[C@@H]1C[C@@H]([C@@H]2[C@H](C[C@H]([C@@](O2)(C(=O)C(=O)N3CCCC[C@H]3C(=O)O[C@@H]([C@@H]([C@H](CC(=O)[C@@H](/C=C(/C1)\C)CC=C)O)C)/C(=C/[C@@H]4CC[C@H]([C@@H](C4)OC)O)/C)O)C)OC)OC
3278,CCC(=C)C(=O)C1=C(C(=C(C=C1)OCC(=O)O)Cl)Cl
27854,[Mn+2]
3284,C#CC1(CCCCC1)OC(=O)N
21302490,CN1CCN2[C@H]3CCN(C[C@H]3C4=C2C1=CC=C4)CCCC(=O)C5=CC=C(C=C5)F
3291,CCC1(CC(=O)NC1=O)C
3292,CCN1C(=O)C(NC1=O)C2=CC=CC=C2
3290,CCN(CC)C(C)CN1C2=CC=CC=C2SC3=CC=CC=C31
58076382,C[C@H]1[C@@H]([C@](C[C@H]([C@]2([C@H]3[C@@]1(CCC2C)CCC3=O)C)OC(=O)CS[C@@H]4CC[C@H](C[C@H]4O)N)(C)C=C)O
60648,CC1=C(SC=C1)C(=CCCN2CCC[C@H](C2)C(=O)O)C3=C(C=CS3)C
3305,CC(O)(P(=O)(O)O)P(=O)(O)O
3308,CCC1=C2C(=CC=C1)C3=C(N2)C(OCC3)(CC)CC(=O)O
68844,CCN[C@H]1CN(S(=O)(=O)C2=C1C=C(S2)S(=O)(=O)N)CCCOC
60657,CC(C)NC[C@@H](COC1=CC=C(C=C1)CCOCC2CC2)O
3314,COC1=C(C=CC(=C1)CC=C)O
10472693,CC(C)(CCCCCC(CCCCCC(C)(C)C(=O)O)O)C(=O)O
3324,CC(=O)OCC(CCN1C=NC2=CN=C(N=C21)N)COC(=O)C
3325,C1=C(N=C(S1)N=C(N)N)CSCCC(=NS(=O)(=O)N)N
68861,C[C@]12CCC3=C4CCC(=O)C=C4CC[C@H]3[C@@H]1CC[C@]2(CC#N)O
3331,C1=CC=C(C=C1)C(COC(=O)N)COC(=O)N
3333,CCOC(=O)C1=C(NC(=C(C1C2=C(C(=CC=C2)Cl)Cl)C(=O)OC)C)C
216326,C1CC(=O)NC(=O)C1N2CC3=C(C2=O)C=CC=C3N
102509829,C[CH2].C1=CC=C(C(=C1)C(=O)[O-])[S-].[Na+].[Hg+]
68873,C[C@]12CCC(=O)C=C1[C@@H]3C[C@@H]3[C@@H]4[C@@H]2CC[C@]5([C@H]4[C@@H]6C[C@@H]6[C@@]57CCC(=O)O7)C
3337,CCNC(C)CC1=CC(=CC=C1)C(F)(F)F
3339,CC(C)OC(=O)C(C)(C)OC1=CC=C(C=C1)C(=O)C2=CC=C(C=C2)Cl
5459211,C[C@H]1[C@@H](C(=O)N1S(=O)(=O)O)NC(=O)/C(=N/OC(C)(C)C(=O)O)/C2=CSC(=N2)N
3341,C1CNCC(C2=CC(=C(C(=C21)Cl)O)O)C3=CC=C(C=C3)O
3342,CC(C1=CC(=CC=C1)OC2=CC=CC=C2)C(=O)O
3343,CC(CC1=CC=C(C=C1)O)NCC(C2=CC(=CC(=C2)O)O)O
3345,CCC(=O)N(C1CCN(CC1)CCC2=CC=CC=C2)C3=CC=CC=C3
3348,CC(C)(C1=CC=C(C=C1)C(CCCN2CCC(CC2)C(C3=CC=CC=C3)(C4=CC=CC=C4)O)O)C(=O)O
3083544,C[C@H](CC1=CC=C(C=C1)OC)NC[C@@H](C2=CC(=C(C=C2)O)NC=O)O
3354,CC1=C(OC2=C(C1=O)C=CC=C2C(=O)OCCN3CCCCC3)C4=CC=CC=C4
3356,C1CCNC(C1)CNC(=O)C2=C(C=CC(=C2)OCC(F)(F)F)OCC(F)(F)F
60700,CC[C@@]1(C2=C(COC1=O)C(=O)N3CC4=CC5=C(C=CC(=C5CN(C)C)O)N=C4C3=C2)O
3365,C1=CC(=C(C=C1F)F)C(CN2C=NC=N2)(CN3C=NC=N3)O
3366,C1=NC(=O)NC(=C1F)N
3371,C1=CC=C(C(=C1)C(=O)O)NC2=CC=CC(=C2)C(F)(F)F
3372,C1CN(CCN1CCCN2C3=CC=CC=C3SC4=C2C=C(C=C4)C(F)(F)F)CCO
3373,CCOC(=O)C1=C2CN(C(=O)C3=C(N2C=N1)C=CC(=C3)F)C
68911,C[C@@H]1CC[C@H]2[C@H]([C@H](O[C@H]3[C@@]24[C@H]1CC[C@](O3)(OO4)C)OC)C
3380,CN1C(=O)CN=C(C2=C1C=CC(=C2)[N+](=O)[O-])C3=CC=CC=C3F
90311989,C1C[C@@H]2C[C@H]1N3[C@H](O2)CN4C=C(C(=O)C(=C4C3=O)O)C(=O)NCC5=C(C=C(C=C5F)F)F
60726,C1=CC(=C(C(=C1)C(=O)C2=CC=C(C=C2)Br)N)CC(=O)O
3385,C1=C(C(=O)NC(=O)N1)F
3386,CNCCC(C1=CC=CC=C1)OC2=CC=C(C=C2)C(F)(F)F
68921,CCC(=O)O[C@@]1(CC[C@@H]2[C@@]1(C[C@@H]([C@H]3[C@H]2CCC4=CC(=O)CC[C@]34C)O)C)C(=O)COC(=O)C
11578,CC(=O)CCC(=O)[O-].CC(=O)CCC(=O)[O-].[Ca+2]
49843517,CCCCCCO[C@@H](C)C1=CC=CC(=C1OC)C2=CSC(=N2)NC(=O)C3=CC(=C(C(=C3)Cl)/C=C(\C)/C(=O)O)Cl
3393,CCN(CC)CCN1C(=O)CN=C(C2=C1C=CC(=C2)Cl)C3=CC=CC=C3F
3394,CC(C1=CC(=C(C=C1)C2=CC=CC=C2)F)C(=O)O
3396,C1CN(CCC12C(=O)NCN2C3=CC=CC=C3)CCCC(C4=CC=C(C=C4)F)C5=CC=C(C=C5)F
3397,CC(C)C(=O)NC1=CC(=C(C=C1)[N+](=O)[O-])C(F)(F)F
5360970,CC[C@]12CC[C@H]3[C@H]([C@@H]1CC[C@]2(C#C)OC(=O)C)CCC4=C/C(=N\O)/CC[C@H]34
68942,C1=CC=C2C(=C1)C(=O)C(C2=O)C3=CC=C(C=C3)F
60750,C1=CN(C(=O)N=C1N)[C@H]2C([C@@H]([C@H](O2)CO)O)(F)F
3406,CC1=CNN=C1
159055,C[C@@]12CC[C@@H](C1(C)C)CC2=O
3410,CC(CC1=CC=C(C=C1)OC)NCC(C2=CC(=C(C=C2)O)NC=O)O
60753,CCCCCCCN(CC)CCCC(C1=CC=C(C=C1)NS(=O)(=O)C)O
3415,C(=O)(O)P(=O)(O)O
9915743,CCOC1=C(C=C2C(=C1)N=CC(=C2NC3=CC(=C(C=C3)OCC4=CC=CC=N4)Cl)C#N)NC(=O)/C=C/CN(C)C
216416,C1CCN(C1)CCOC2=CC=C(C=C2)[C@H]3[C@H](CCC4=C3C=CC(=C4)O)C5=CC=CC=C5
6450531,C[C@H]1/C=C\C=C/2\CO[C@H]3[C@@]2([C@@H](C=C([C@H]3O)C)C(=O)O[C@H]4C[C@@H](C/C=C(\[C@H]1O[C@H]5C[C@@H]([C@@H]([C@@H](O5)C)O[C@H]6C[C@H]([C@@H]([C@@H](O6)C)NC(=O)C)OC)OC)/C)O[C@]7(C4)C=C[C@@H]([C@H](O7)C(C)C)C)O
3440,C1=COC(=C1)CNC2=CC(=C(C=C2C(=O)O)S(=O)(=O)N)Cl
60789,C1=CC(=CC=C1CCCCNC[C@@H](C2=CC(=C(C=C2)O)O)O)O
3446,C1CCC(CC1)(CC(=O)O)CN
6450551,CNC(=O)C1=CC=CC=C1SC2=CC3=C(C=C2)C(=NN3)/C=C/C4=CC=CC=N4
60795,C1CC(=O)NC2=C1C=CC(=C2)OCCCCN3CCN(CC3)C4=C(C(=CC=C4)Cl)Cl
3463,CC1=CC(=C(C=C1)C)OCCCC(C)(C)C(=O)O
68029831,CN1CCN(CC1)C2=CN=C(C=C2)NC3=NC=C4C=C5C(=O)NCC6(N5C4=N3)CCCCC6
3468,CN(C)C1=CC=C(C=C1)C(=C2C=CC(=[N+](C)C)C=C2)C3=CC=C(C=C3)N(C)C
60815,CCC(=O)N(C1=CC=CC=C1)C2(CCN(CC2)CCC(=O)OC)C(=O)OC
3476,CCC1=C(CN(C1=O)C(=O)NCCC2=CC=C(C=C2)S(=O)(=O)NC(=O)NC3CCC(CC3)C)C
19861,CN1CCC(=C2C3=CC=CC=C3CCC4=C2N=CC=C4)CC1
3478,CC1=CN=C(C=N1)C(=O)NCCC2=CC=C(C=C2)S(=O)(=O)NC(=O)NC3CCCCC3
60823,CC(C)C1=C(C(=C(N1CC[C@H](C[C@H](CC(=O)O)O)O)C2=CC=C(C=C2)F)C3=CC=CC=C3)C(=O)NC4=CC=CC=C4
60825,C1[C@H](O[C@H](S1)CO)N2C=CC(=NC2=O)N
3487,CCC1(CCC(=O)NC1=O)C2=CC=CC=C2
3488,COC1=C(C=C(C=C1)Cl)C(=O)NCCC2=CC=C(C=C2)S(=O)(=O)NC(=O)NC3CCCCC3
60835,CNCC[C@@H](C1=CC=CS1)OC2=CC=CC3=CC=CC=C32
11683,CC1=C[C@@H]2[C@H](CC[C@]3([C@H]2CC[C@@]3(C(=O)C)OC(=O)C)C)[C@@]4(C1=CC(=O)CC4)C
3494,C[N+]1(CCC(C1)OC(=O)C(C2CCCC2)(C3=CC=CC=C3)O)C
60838,CCC1=C2CN3C(=CC4=C(C3=O)COC(=O)[C@@]4(CC)O)C2=NC5=C1C=C(C=C5)OC(=O)N6CCC(CC6)N7CCCCC7
6434217,CC1=CC=C(C=C1)/C=C/2\C3CCC(C2=O)(C3(C)C)C
60846,CCCCC(=O)N(CC1=CC=C(C=C1)C2=CC=CC=C2C3=NNN=N3)[C@@H](C(C)C)C(=O)O
60852,CCCCCN(C)CCC(O)(P(=O)(O)O)P(=O)(O)O
60854,C1CN(CCN1CCC2=C(C=C3C(=C2)CC(=O)N3)Cl)C4=NSC5=CC=CC=C54
60855,CC(=O)N[C@@H]1[C@H](C=C(O[C@H]1[C@@H]([C@@H](CO)O)O)C(=O)O)N=C(N)N
60857,CN(C)CCC1=CNC2=C1C=C(C=C2)C[C@H]3COC(=O)N3
60860,C1=CC(=CC(=C1)I)CN=C(N)N
3518,C1CCCN(CCC1)CCN=C(N)N
3519,C1=CC(=C(C(=C1)Cl)CC(=O)N=C(N)N)Cl
3520,C(=N)(N)N
5361092,C1CC[C@]2([C@H]3CC4=C([C@]2(C1)CCN3CC5CCC5)C=C(C=C4)O)O
60871,CC(C)(C)C(=O)OCOP(=O)(COCCN1C=NC2=C(N=CN=C21)N)OCOC(=O)C(C)(C)C
60877,C1[C@H](O[C@H](S1)CO)N2C=C(C(=NC2=O)N)F
36314,CC1=C2[C@H](C(=O)[C@@]3([C@H](C[C@@H]4[C@]([C@H]3[C@@H]([C@@](C2(C)C)(C[C@@H]1OC(=O)[C@@H]([C@H](C5=CC=CC=C5)NC(=O)C6=CC=CC=C6)O)O)OC(=O)C7=CC=CC=C7)(CO4)OC(=O)C)O)C)OC(=O)C
3559,C1CN(CCC1(C2=CC=C(C=C2)Cl)O)CCCC(=O)C3=CC=C(C=C3)F
3562,C(C(F)(F)F)(Cl)Br
10464762,C(CC(=O)[O-])C(=O)[O-].[Fe+2]
16158208,C[C@H]1C(=O)N[C@H]2CSSC[C@H]3C(=O)N[C@H](C(=O)N[C@H](C(=O)N[C@@H](CSSC[C@H](NC(=O)CNC(=O)[C@@H](NC2=O)[C@@H](C)O)C(=O)N[C@@H](CC4=CC=C(C=C4)O)C(=O)O)C(=O)N[C@@H](CSSC[C@@H](C(=O)N3)N)C(=O)N[C@H](C(=O)N5CCC[C@H]5C(=O)N1)CC(=O)N)CC6=CC=C(C=C6)O)CCC(=O)O
134664,C1=CC=C2C(=C1)C=CC=NN2
60937,C1=CC(=CC=C1SC(P(=O)(O)O)P(=O)(O)O)Cl
3598,C1=C(C(=C(C(=C1Cl)Cl)CC2=C(C(=CC(=C2Cl)Cl)Cl)O)O)Cl
3599,CCCCCCCCCCCCCCCCOP(=O)([O-])OCC[N+](C)(C)C
3601,C[N+](C)(CCCCCC[N+](C)(C)C1C2=CC=CC=C2C3=CC=CC=C13)C4C5=CC=CC=C5C6=CC=CC=C46
60947,CCCCS(=O)(=O)N[C@@H](CC1=CC=C(C=C1)OCCCCC2CCNCC2)C(=O)O
60953,CCCCCOC(=O)NC1=NC(=O)N(C=C1F)[C@H]2[C@@H]([C@@H]([C@H](O2)C)O)O
3610,CCCCCCC1=C(C=C(C=C1)O)O
11808,CN1C2=C(C(=O)N(C1=O)C)NC(=N2)Br
60961,C1=NC(=C2C(=N1)N(C=N2)[C@H]3[C@@H]([C@@H]([C@H](O3)CO)O)O)N
151075,C1=CC=C(C=C1)C(=O)C2=CC=CC(=C2N)CC(=O)N
5361192,COCCCC/C(=N/OCCN)/C1=CC=C(C=C1)C(F)(F)F
54726191,C[C@@H]1CCO[C@@H]2N1C(=O)C3=C(C(=O)C(=CN3C2)C(=O)NCC4=C(C=C(C=C4)F)F)O
54726192,CN(C)[C@H]1[C@@H]2C[C@@H]3CC4=C(C=C(C(=C4C(=C3C(=O)[C@@]2(C(=C(C1=O)C(=O)N)O)O)O)O)NC(=O)CN5CCCC5)F
5361202,CO/N=C(\C1=CC=CO1)/C(=O)N[C@H]2[C@@H]3N(C2=O)C(=C(CS3)COC(=O)N)C(=O)O
3637,C1=CC=C2C(=C1)C=NN=C2NN
3639,C1NC2=CC(=C(C=C2S(=O)(=O)N1)S(=O)(=O)N)Cl
72543801,CC1=C(SC=N1)/C=C\C2=C(N3[C@@H]([C@@H](C3=O)NC(=O)/C(=N/OC)/C4=CSC(=N4)N)SC2)C(=O)O
3647,C1NC2=C(C=C(C(=C2)C(F)(F)F)S(=O)(=O)N)S(=O)(=O)N1
6917698,CO[C@H]1CN(CC[C@H]1NC(=O)C2=CC(=C(C=C2OC)N)Cl)CCCOC3=CC=C(C=C3)F
3652,CCN(CCCC(C)NC1=C2C=CC(=CC2=NC=C1)Cl)CCO
454216,CCCCC(=O)OCC(=O)[C@]1(C[C@@H](C2=C(C1)C(=C3C(=C2O)C(=O)C4=C(C3=O)C=CC=C4OC)O)O[C@H]5C[C@@H]([C@@H]([C@@H](O5)C)O)NC(=O)C(F)(F)F)O
3657,C(=O)(N)NO
3658,C1CN(CCN1CCOCCO)C(C2=CC=CC=C2)C3=CC=C(C=C3)Cl
6917715,CC[C@]12CC(=C)[C@H]3[C@H]([C@@H]1CC[C@]2(C#C)O)CCC4=CC(=O)CC[C@H]34
3672,CC(C)CC1=CC=C(C=C1)C(C)C(=O)O
3675,C1=CC=C(C=C1)CCNN
3676,CCN(CC)CC(=O)NC1=C(C=CC=C1C)C
3678,CCN(CCCC1=CC=CC=C1)CCCC2=CC=CC=C2
3690,C1CN(P(=O)(OC1)NCCCl)CCCl
36462,C[C@@H]1OC[C@@H]2[C@@H](O1)[C@@H]([C@H]([C@@H](O2)O[C@H]3[C@H]4COC(=O)[C@@H]4[C@@H](C5=CC6=C(C=C35)OCO6)C7=CC(=C(C(=C7)OC)O)OC)O)O
3696,CN(C)CCCN1C2=CC=CC=C2CCC3=CC=CC=C31
3698,C1=CN=CC=C1C2=CNC(=O)C(=C2)N
3702,CC1CC2=CC=CC=C2N1NC(=O)C3=CC(=C(C=C3)Cl)S(=O)(=O)N
134780,C1CC(=O)NC(=O)C1N2C(=O)C3=C(C2=O)C(=CC=C3)N
5312125,C[C@H](CC1=CC2=C(C(=C1)C(=O)N)N(CC2)CCCO)NCCOC3=CC=CC=C3OCC(F)(F)F
151166,CC1=CC(=C(C=C1)NC2=C(C=CC=C2Cl)F)CC(=O)O
10079874,C[C@@H]1[C@H]([C@@H]([C@@H](C(O1)OC\2CC(C(C(CC(=O)CC(CC(CC(CC(=O)CCCC(=O)CC(=O)OC(C(/C=C/C=C/C=C/C=C/C=C/C=C/C=C2)C)C(C)CC(C)C(CC(=O)C3=CC=C(C=C3)N)O)O)O)O)O)C(=O)O)O)O)N)O
3715,CC1=C(C2=C(N1C(=O)C3=CC=C(C=C3)Cl)C=CC(=C2)OC)CC(=O)O
151171,CC1=NC2=C(N1)CCN(C3=CC=CC=C32)C(=O)C4=CC=C(C=C4)NC(=O)C5=CC=CC=C5C6=CC=CC=C6
3720,C1=CC(=CN=C1)C(=O)OC2C(C(C(C(C2OC(=O)C3=CN=CC=C3)OC(=O)C4=CN=CC=C4)OC(=O)C5=CN=CC=C5)OC(=O)C6=CN=CC=C6)OC(=O)C7=CN=CC=C7
6917779,CCN(CC)C(=O)[C@]1(C[C@H]1CN)C2=CC=CC=C2
10153627,CCCCC1(CN(C2=CC(=C(C=C2S(=O)(=O)N1)OCC(=O)N[C@H](C3=CC=C(C=C3)O)C(=O)N[C@@H](CC)C(=O)O)SC)C4=CC=CC=C4)CCCC
3739,C1=C(C(=C(C(=C1I)NC(=O)CCCCC(=O)NC2=C(C=C(C(=C2I)C(=O)O)I)I)I)C(=O)O)I
3749,CCCCC1=NC2(CCCC2)C(=O)N1CC3=CC=C(C=C3)C4=CC=CC=C4C5=NNN=N5
69286,CCCCCCC(=O)OCC(COC(=O)CCCCCC)OC(=O)CCCCCC
36523,CC(C)CC(C(=O)NC(CCCN=C(N)N)C(=O)N1CCCC1C(=O)NCC(=O)N)NC(=O)CNC(=O)C(CC2=CC=C(C=C2)O)NC(=O)C(CO)NC(=O)C(CC3=CNC4=CC=CC=C43)NC(=O)C(CC5=CN=CN5)NC(=O)C6CCC(=O)N6
67505836,CC(C)[C@@H](C(=O)N1CC2(CC2)C[C@H]1C3=NC=C(N3)C4=CC5=C(C=C4)C6=C(C5(F)F)C=C(C=C6)C7=CC8=C(C=C7)N=C(N8)[C@@H]9[C@H]1CC[C@H](C1)N9C(=O)[C@H](C(C)C)NC(=O)OC)NC(=O)OC
3759,CC1=CC(=NO1)C(=O)NNCC2=CC=CC=C2
3762,CCC(C(C1=CC(=C(C=C1)O)O)O)NC(C)C
3763,C(C(F)(F)F)(OC(F)F)Cl
3767,C1=CN=CC=C1C(=O)NN
175805,CCCN1CCCC[C@H]1C(=O)NC2=C(C=CC=C2C)C
487101,C1C(CN1C2=C(C=C3C(=C2Cl)N(C=C(C3=O)C(=O)O)C4=C(C=C(C(=N4)N)F)F)F)O
3775,CC(C)[N+](C)(CCC(C1=CC=CC=C1)(C2=CC=CC=C2)C(=O)N)C(C)C
3779,CC(C)NCC(C1=CC(=C(C=C1)O)O)O
3784,CC1=C(C(C(=C(N1)C)C(=O)OC(C)C)C2=CC=CC3=NON=C32)C(=O)OC
446156,CC(C)C1=C(C(=C(C(=N1)C(C)C)COC)C2=CC=C(C=C2)F)/C=C/[C@H](C[C@H](CC(=O)O)O)O
446157,CC(C)C1=NC(=NC(=C1/C=C/[C@H](C[C@H](CC(=O)O)O)O)C2=CC=C(C=C2)F)N(C)S(=O)(=O)C
10096344,CC#CCN1C2=C(N=C1N3CCC[C@H](C3)N)N(C(=O)N(C2=O)CC4=NC5=CC=CC=C5C(=N4)C)C
6917864,C[C@@H]1CC[C@H]2[C@H]([C@@H](O[C@H]3[C@@]24[C@H]1CC[C@](O3)(OO4)C)OC(=O)CCC(=O)O)C
3821,CNC1(CCCCC1=O)C2=CC=CC=C2Cl
3823,CC(=O)N1CCN(CC1)C2=CC=C(C=C2)OCC3COC(O3)(CN4C=CN=C4)C5=C(C=C(C=C5)Cl)Cl
3825,CC(C1=CC(=CC=C1)C(=O)C2=CC=CC=C2)C(=O)O
3826,C1CN2C(=CC=C2C(=O)C3=CC=CC=C3)C1C(=O)O
3827,CN1CCC(=C2C3=C(C(=O)CC4=CC=CC=C42)SC=C3)CC1
135409400,C1C2=C(C=CC(=C2Cl)Cl)N=C3N1CC(=O)N3
36604,C[C@H](CC1=CC=CC=C1)NC
24776445,CS(=O)(=O)C1=CC(=C(C=C1)C(=O)NC2=CC(=C(C=C2)Cl)C3=CC=CC=N3)Cl
28417,C[C@]12CC[C@H]3[C@H]([C@@H]1CC[C@]2(C#C)O)CCC4=CC5=C(C[C@]34C)C=NO5
12035,CC(=O)N[C@@H](CS)C(=O)O
446220,CN1[C@H]2CC[C@@H]1[C@H]([C@H](C2)OC(=O)C3=CC=CC=C3)C(=O)OC
2723601,C1=NC2=C(N1)C(=S)N=C(N2)N
135565082,CN1C(=NC=N1)[C@@H]2[C@H](NC3=CC(=CC4=C3C2=NNC4=O)F)C5=CC=C(C=C5)F
3869,CC(CCC1=CC=CC=C1)NCC(C2=CC(=C(C=C2)O)C(=O)N)O
71511839,C[C@H](C(=O)N[C@H](CCCN=C(N)N)C(=O)N)NC(=O)[C@@H](CCCN=C(N)N)NC(=O)[C@@H](CCCN=C(N)N)NC(=O)[C@@H](CCCN=C(N)N)NC(=O)[C@@H](C)NC(=O)[C@@H](CSSC[C@@H](C(=O)O)N)NC(=O)C
102117152,C1=C(C=C(C(=C1[O-])[O-])[O-])C(=O)O.O.[Bi+3]
53025,CN1C(=NN=N1)SCC2=C(N3[C@@H]([C@@](C3=O)(NC(=O)C4SC(=C(C(=O)N)C(=O)O)S4)OC)SC2)C(=O)O
73330464,COC(=O)/C=C/C(=O)OCCN1C(=O)CCC1=O
3878,C1=CC(=C(C(=C1)Cl)Cl)C2=C(N=C(N=N2)N)N
667431,CC1=CC=C(C=C1)S(=O)(=O)NC(=O)NN2C[C@H]3CCC[C@H]3C2
3883,CC1=C(C=CN=C1CS(=O)C2=NC3=CC=CC=C3N2)OCC(F)(F)F
135409452,CCCCCN=C(N)N/N=C\C1=CNC2=C1C=C(C=C2)OC
3893,CCCCCCCCCCCC(=O)O
53235510,CCN1CCN(CC1)C2=CC=C(C=C2)NC3=CC(=NC=N3)N(C)C(=O)NC4=C(C(=CC(=C4Cl)OC)OC)Cl
5361463,C1=CC(=C(C=C1Cl)Cl)CO/N=C(/CN2C=CN=C2)\C3=C(C=C(C=C3)Cl)Cl
20279,C1[C@@H]([C@H](O[C@H]1N2C=NC3=C(N=C(N=C32)Cl)N)CO)O
3899,CC1=C(C=NO1)C(=O)NC2=CC=C(C=C2)C(F)(F)F
3902,C1=CC(=CC=C1C#N)C(C2=CC=C(C=C2)C#N)N3C=NC=N3
667467,CN(C)CC/C=C\1/C2=CC=CC=C2SC3=C1C=C(C=C3)Cl
446284,CC/C=C\C/C=C\C/C=C\C/C=C\C/C=C\CCCC(=O)O
3002190,CC[C@@H]1[C@@]2([C@@H]([C@H](C(=O)[C@@H](C[C@@]([C@@H]([C@H](C(=O)[C@H](C(=O)O1)C)C)O[C@H]3[C@@H]([C@H](C[C@H](O3)C)N(C)C)O)(C)OC)C)C)N(C(=O)O2)CCCCN4C=C(N=C4)C5=CN=CC=C5)C
5361486,CN1C(=NN=N1)SCC2=C(N3[C@@H]([C@@H](C3=O)NC(=O)/C(=N/OC)/C4=CSC(=N4)N)SC2)C(=O)O
667476,C/C=C(/C(=C/C)/C1=CC=C(C=C1)O)\C2=CC=C(C=C2)O
3926,CC1=C(C(=CC=C1)C)NC(=O)CN2CCN(CC2)CCCC(C3=CC=C(C=C3)F)C4=CC=C(C=C4)F
667484,CCOC(=O)C1=CN=CN1[C@H](C)C2=CC=CC=C2
667490,C1=NC2=C(N1)C(=S)N=CN2
3948,CCN1C=C(C(=O)C2=CC(=C(C(=C21)F)N3CCNC(C3)C)F)C(=O)O
3950,C1CCC(CC1)NC(=O)N(CCCl)N=O
3955,CN(C)C(=O)C(CCN1CCC(CC1)(C2=CC=C(C=C2)Cl)O)(C3=CC=CC=C3)C4=CC=CC=C4
3957,CCOC(=O)N1CCC(=C2C3=C(CCC4=C2N=CC=C4)C=C(C=C3)Cl)CC1
3958,C1=CC=C(C(=C1)C2=NC(C(=O)NC3=C2C=C(C=C3)Cl)O)Cl
3961,CCCCC1=NC(=C(N1CC2=CC=C(C=C2)C3=CC=CC=C3C4=NNN=N4)CO)Cl
3964,CN1CCN(CC1)C2=NC3=CC=CC=C3OC4=C2C=C(C=C4)Cl
3965,CC(C1=CC=C(C=C1)CC2CCCC2=O)C(=O)O
20353,CC1=C(C(=C(C2=C1O[C@](CC2)(C)CCC[C@H](C)CCC[C@H](C)CCCC(C)C)C)OC(=O)CCC(=O)O)C
5353356,C1=C(OC(=C1)[N+](=O)[O-])/C=N\NC(=O)N
9924495,C1=CC=C(C=C1)N2C=C(C=C(C2=O)C3=CC=CC=C3C#N)C4=CC=CC=N4
11677589,CCC1=NC2=C(N1C3=CC=C(C=C3)CCNC(=O)NS(=O)(=O)C4=CC=C(C=C4)C)C=C(N=C2C)C
667550,C[C@@H](C1=CC(=CC=C1)C(=O)C2=CC=CC=C2)C(=O)O
3998,C1=CC(=CC=C1CN)S(=O)(=O)N
4004,CCOC(=O)CC(C(=O)OCC)SP(=S)(OC)OC
4008,CC1=C(C(C(=C(N1)C)C(=O)OCCN2CCN(CC2)C(C3=CC=CC=C3)C4=CC=CC=C4)C5=CC(=CC=C5)[N+](=O)[O-])C(=O)OC
4011,CNCCCC12CCC(C3=CC=CC=C31)C4=CC=CC=C24
4020,C1CN2C(=N1)C3=CC=CC=C3C2(C4=CC=C(C=C4)Cl)O
4021,CC1=NN(C(=O)C1)C2=CC=CC=C2
46174141,C/C=C(/C)\C(=O)O[C@H]1C(=C[C@@]23[C@@]1([C@@H](C(=C[C@@H](C2=O)[C@H]4[C@H](C4(C)C)C[C@H]3C)CO)O)O)C
4030,COC(=O)NC1=NC2=C(N1)C=C(C=C2)C(=O)C3=CC=CC=C3
4032,CC1(C2CCC(C2)C1(C)NC)C
4033,CN(CCCl)CCCl
4034,CC1=CC(=CC=C1)CN2CCN(CC2)C(C3=CC=CC=C3)C4=CC=C(C=C4)Cl
4037,CC1=C(C(=C(C=C1)Cl)NC2=CC=CC=C2C(=O)O)Cl
5287879,C[C@@H]1C[C@@H]([C@@H]([C@H]([C@@H](CC(=O)O[C@@H](C[C@H]2[C@@H](O2)/C=C/C1=O)C)OC(=O)C)OC)O[C@H]3[C@@H]([C@H]([C@@H]([C@H](O3)C)O[C@H]4C[C@@]([C@H]([C@@H](O4)C)OC(=O)CC(C)C)(C)O)N(C)C)O)CC=O
9875401,C1COCC(=O)N1C2=CC=C(C=C2)N3C[C@@H](OC3=O)CNC(=O)C4=CC=C(S4)Cl
36811,CC(CCC1=CC=C(C=C1)O)NCCC2=CC(=C(C=C2)O)O
4044,CC1=C(C(=CC=C1)NC2=CC=CC=C2C(=O)O)C
6451149,CC1=CC=CC=C1C2=CC(=NC=C2N(C)C(=O)C(C)(C)C3=CC(=CC(=C3)C(F)(F)F)C(F)(F)F)N4CCN(CC4)C
4046,C1CCNC(C1)C(C2=CC(=NC3=C2C=CC=C3C(F)(F)F)C(F)(F)F)O
176077,C1[C@@H]([C@H]([C@H]([C@H](N1)CO)O)O)O
28620,C[C@@H]1[C@H]([C@H](C[C@@H](O1)O[C@H]2CC[C@]3([C@@H](C2)CC[C@@H]4[C@@H]3C[C@H]([C@]5([C@@]4(CC[C@@H]5C6=CC(=O)OC6)O)C)O)C)O)O[C@H]7C[C@@H]([C@@H]([C@H](O7)C)O[C@H]8C[C@@H]([C@@H]([C@H](O8)C)O[C@H]9[C@@H]([C@H]([C@@H]([C@H](O9)CO)O)O)O)O)O
71544786,CC1=CC=CC=C1C2=CC(=NC=C2N(C)C(=O)C(C)(C)C3=CC(=CC(=C3)C(F)(F)F)C(F)(F)F)N4CC[N+](CC4)(C)COP(=O)(O)[O-]
4054,CC12CC3CC(C1)(CC(C3)(C2)N)C
4055,CC1=CC(=O)C2=CC=CC=C2C1=O
118607832,CC(C)OC(=O)C1=CN=C(N=C1C2=CN(C3=CC=CC=C32)C)NC4=C(C=C(C(=C4)NC(=O)C=C)N(C)CCN(C)C)OC
4057,C[N+]1(CCCC(C1)OC(=O)C(C2=CC=CC=C2)(C3=CC=CC=C3)O)C
4058,CCOC(=O)C1(CCN(CC1)C)C2=CC=CC=C2
4060,CCC1(C(=O)N(C(=O)N1)C)C2=CC=CC=C2
6451164,CC1=CC(=CC(=C1NC2=NC(=NC=C2)NC3=CC=C(C=C3)C#N)C)/C=C/C#N
54677470,CC1=CN=C(S1)NC(=O)C2=C(C3=CC=CC=C3S(=O)(=O)N2C)O
126941,CN(CC1=CN=C2C(=N1)C(=NC(=N2)N)N)C3=CC=C(C=C3)C(=O)N[C@@H](CCC(=O)O)C(=O)O
4064,CCCC(C)(COC(=O)N)COC(=O)N
4062,CC1=C(C(=CC=C1)C)NC(=O)C2CCCCN2C
135409642,CCOC1=NC2=CC=CC(=C2N1CC3=CC=C(C=C3)C4=CC=CC=C4C5=NOC(=O)N5)C(=O)OCC6=C(OC(=O)O6)C
4075,C1=CC(=C(C=C1N)C(=O)O)O
4078,CN1CCCCC1CCN2C3=CC=CC=C3SC4=C2C=C(C=C4)S(=O)C
53232,CC[C@H](C)C(=O)O[C@H]1C[C@H](C=C2[C@H]1[C@H]([C@H](C=C2)C)CC[C@@H]3C[C@H](CC(=O)O3)O)C
4086,CC(C)NCC(C1=CC(=CC(=C1)O)O)O
4091,CN(C)C(=N)N=C(N)N
6918140,CCCCC[C@@H](CC[C@H]1[C@@H](C[C@H]2[C@@H]1CC3=C(C2)C(=CC=C3)OCC(=O)O)O)O
4095,CCC(=O)C(CC(C)N(C)C)(C1=CC=CC=C1)C2=CC=CC=C2
4097,CC[N+](C)(CC)CCOC(=O)C1C2=CC=CC=C2OC3=CC=CC=C13
208898,CCCCC1=C(C2=C(O1)C=CC(=C2)NS(=O)(=O)C)C(=O)C3=CC=C(C=C3)OCCCN(CCCC)CCCC
4100,CC(=O)N=C1N(N=C(S1)S(=O)(=O)N)C
208902,CCC(=O)NCC[C@@H]1CCC2=C1C3=C(C=C2)OCC3
6918155,CC(C)C(=O)OCC(=O)[C@@]12[C@@H](C[C@@H]3[C@@]1(C[C@@H]([C@H]4[C@H]3CCC5=CC(=O)C=C[C@]45C)O)C)O[C@H](O2)C6CCCCC6
208908,CS(=O)(=O)CCNCC1=CC=C(O1)C2=CC3=C(C=C2)N=CN=C3NC4=CC(=C(C=C4)OCC5=CC(=CC=C5)F)Cl
4107,COC1=CC=CC=C1OCC(COC(=O)N)O
208910,CC1(C(=C(C(=O)O1)OCC2CC2)C3=CC=C(C=C3)S(=O)(=O)C)C
4114,COC1=C2C(=CC3=C1OC=C3)C=CC(=O)O2
4116,COC(C(Cl)Cl)(F)F
4117,CC(CC1=CC=CC=C1OC)NC
28693,CN1C[C@@H](C[C@H]2[C@H]1CC3=CN(C4=CC=CC2=C34)C)CNC(=O)OCC5=CC=CC=C5
6918173,C1CC[C@H]2[C@@H](C1)C[C@H](N2C(=O)[C@H]3CC4=CC=CC=C4CN3C(=O)[C@H](CO)NC(=O)[C@H](CC5=CC=CS5)NC(=O)CNC(=O)[C@@H]6C[C@H](CN6C(=O)[C@@H]7CCCN7C(=O)[C@H](CCCN=C(N)N)NC(=O)[C@@H](CCCN=C(N)N)N)O)C(=O)N[C@@H](CCCN=C(N)N)C(=O)O
6451240,[Al+3].[Cl-].[Cl-].[Cl-]
110635,CN1CC(=O)N2[C@@H](C1=O)CC3=C([C@H]2C4=CC5=C(C=C4)OCO5)NC6=CC=CC=C36
5328940,CN1CCN(CC1)CCCOC2=C(C=C3C(=C2)N=CC(=C3NC4=CC(=C(C=C4Cl)Cl)OC)C#N)OC
49803313,CCC1=C(N=C(C(=N1)C(=O)N)NC2=CC(=C(C=C2)N3CCC(CC3)N4CCN(CC4)C)OC)NC5CCOCC5
4158,COC(=O)C(C1CCCCN1)C2=CC=CC=C2
4162,CCC1(C(=O)C(CNC1=O)C)CC
4168,CCN(CC)CCNC(=O)C1=CC(=C(C=C1OC)N)Cl
4170,CC1NC2=CC(=C(C=C2C(=O)N1C3=CC=CC=C3C)S(=O)(=O)N)Cl
4171,CC(C)NCC(COC1=CC=C(C=C1)CCOC)O
4173,CC1=NC=C(N1CCO)[N+](=O)[O-]
4174,CC(C)(C1=CN=CC=C1)C(=O)C2=CN=CC=C2
446541,CC1=C2COC(=O)C2=C(C(=C1OC)C/C=C(\C)/CCC(=O)O)O
4178,CC1=C(C(=CC=C1)C)OCC(C)N
16076883,CC(C)(C)[C@@H](C(=O)N1C[C@@H](C[C@H]1C(=O)N[C@@]2(C[C@H]2C=C)C(=O)NS(=O)(=O)C3CC3)OC4=NC=C(C5=C4C=C(C=C5)Cl)OC)NC(=O)OC(C)(C)C
44814423,CCOC1=CC=C(C=C1)CC2=C(C=CC(=C2)[C@@]34[C@@H]([C@H]([C@@H]([C@@](O3)(CO4)CO)O)O)O)Cl
4184,CN1CCN2C(C1)C3=CC=CC=C3CC4=CC=CC=C42
4189,C1=CC(=C(C=C1Cl)Cl)COC(CN2C=CN=C2)C3=C(C=C(C=C3)Cl)Cl
4192,CC1=NC=C2N1C3=C(C=C(C=C3)Cl)C(=NC2)C4=CC=CC=C4F
4195,COC1=CC(=C(C=C1)OC)C(CNC(=O)CN)O
4197,CC1=C(C=C(C(=O)N1)C#N)C2=CC=NC=C2
4199,CC1=CC(=NN=C1NCCN2CCOCC2)C3=CC=CC=C3
6918248,C1CN(CCN1CCN2C3=CC=CC=C3NC2=O)C4=CC=CC(=C4)C(F)(F)F
4205,CN1CCN2C(C1)C3=CC=CC=C3CC4=C2N=CC=C4
4211,C1=CC=C(C(=C1)C(C2=CC=C(C=C2)Cl)C(Cl)Cl)Cl
4212,C1=CC(=C2C(=C1NCCNCCO)C(=O)C3=C(C=CC(=C3C2=O)O)O)NCCNCCO
471161,CC(C)NC1=NC2=CC(=C(C=C2N1[C@@H]3[C@H]([C@H]([C@@H](O3)CO)O)O)Cl)Cl
446598,CCC[C@@H]1C[C@H](N(C1)C)C(=O)N[C@@H]([C@@H]2[C@@H]([C@@H]([C@H]([C@H](O2)SC)O)O)O)[C@H](C)Cl
10629256,CC[C@@]12C=CCN3[C@@H]1[C@]4(CC3)[C@H]([C@]([C@@H]2OC(=O)C)(C(=O)OC)O)N(C5=CC(=C(C=C45)[C@]6(C[C@@H]7C[C@H](CN(C7)CC8=C6NC9=CC=CC=C89)C(C)(F)F)C(=O)OC)OC)C
4235,C1COCCN1CCNC(=O)C2=CC=C(C=C2)Cl
4236,C1=CC=C(C=C1)C(C2=CC=CC=C2)S(=O)CC(=O)N
10178705,C1CCN(C[C@@H](C1)N)C2=C(C=C3C(=C2Cl)N(C=C(C3=O)C(=O)O)C4CC4)F
6918289,C[C@@H]1CC[C@H]2C[C@@H](/C(=C/C=C/C=C/[C@H](C[C@H](C(=O)[C@@H]([C@@H](/C(=C/[C@H](C(=O)C[C@H](OC(=O)[C@@H]3CCCCN3C(=O)C(=O)[C@@]1(O2)O)[C@H](C)C[C@@H]4CC[C@H]([C@@H](C4)OC)OC(=O)C(C)(CO)CO)C)/C)O)OC)C)C)/C)OC
6918296,C[C@]12CC[C@H]3[C@H]([C@@H]1CC[C@@H]2C(=O)NC4=C(C=CC(=C4)C(F)(F)F)C(F)(F)F)CC[C@@H]5[C@@]3(C=CC(=O)N5)C
5353627,CC(C)N1C2=CC=CC=C2C(=C1/C=C/C(CC(CC(=O)O)O)O)C3=CC=C(C=C3)F
6918305,CC(=O)[C@H]1CC[C@@H]2[C@@]1(CC[C@H]3[C@H]2CC[C@@H]4[C@@]3(CC[C@@](C4)(C)O)C)C
4260,CC1=CC(=C(C=C1OC(=O)C)C(C)C)OCCN(C)C
5353636,C1COC(=O)N1/N=C\C2=CC=C(O2)[N+](=O)[O-]
77991,CCN(C)C(=O)OC1=CC=CC(=C1)[C@H](C)N(C)C
77992,CN[C@@H]1CCC2=C(C1)C3=C(N2)C=CC(=C3)C(=O)N
77993,CN1CCC[C@@H]1CC2=CNC3=C2C=C(C=C3)CCS(=O)(=O)C4=CC=CC=C4
6918314,C1CN(CCN1CCCCC2=CNC3=C2C=C(C=C3)C#N)C4=CC5=C(C=C4)OC(=C5)C(=O)N
5353646,C1=CC(=C(C(=C1)Cl)/C=N\N=C(N)N)Cl
77999,CN(CCOC1=CC=C(C=C1)CC2C(=O)NC(=O)S2)C3=CC=CC=N3
127151,CCOC1=CC=CC=C1O[C@@H]([C@H]2CNCCO2)C3=CC=CC=C3
610479,CC1=C(C=CC=C1Cl)NC2=CC=CC=C2C(=O)O
5484727,CCOC(=O)[C@H](CCC1=CC=CC=C1)N[C@@H](C)C(=O)N2[C@H]3CCCC[C@@H]3C[C@H]2C(=O)O
5361848,CO/N=C(\C1=CSC(=N1)N)/C(=O)N[C@H]2[C@@H]3N(C2=O)C(=CCS3)C(=O)O
53465279,C1CC1C2=CC=C(C3=CC=CC=C23)N4C(=NN=C4Br)SCC(=O)O
28864,CCN(CC)C(=O)N[C@@H]1CN([C@@H]2CC3=CNC4=CC=CC(=C34)C2=C1)C
9818306,CC(=O)OC1=CC2=C(C=C1)[C@H]3CC[C@]4([C@H]([C@@H]3CC2)CC[C@@H]4O)C
61635,[N+](=O)([O-])[O-].[N+](=O)([O-])[O-].[N+](=O)([O-])[O-].[Ga+3]
5329102,CCN(CC)CCNC(=O)C1=C(NC(=C1C)/C=C\2/C3=C(C=CC(=C3)F)NC2=O)C
61686,[O-]S(=O)(=O)[O-].[Cr+2]
708857,CN1CCCN=C1/C=C/C2=CC=CS2
5361919,CN1C(=NC(=O)C(=O)N1)SCC2=C(N3[C@@H]([C@@H](C3=O)NC(=O)/C(=N/OC)/C4=CSC(=N4)N)SC2)C(=O)O
3010818,CCC[C@@H](C(=O)C(=O)NC1CC1)NC(=O)[C@@H]2[C@H]3CCC[C@H]3CN2C(=O)[C@H](C(C)(C)C)NC(=O)[C@H](C4CCCCC4)NC(=O)C5=NC=CN=C5
446727,C1[C@@H]([C@H](O[C@H]1N2C=C(C(=O)NC2=O)/C=C/Br)CO)O
12560,CC[C@@H]1[C@@]([C@@H]([C@H](C(=O)[C@@H](C[C@@]([C@@H]([C@H]([C@@H]([C@H](C(=O)O1)C)O[C@H]2C[C@@]([C@H]([C@@H](O2)C)O)(C)OC)C)O[C@H]3[C@@H]([C@H](C[C@H](O3)C)N(C)C)O)(C)O)C)C)O)(C)O
135565596,COC1=C(C=CC2=C3NCCN3C(=NC(=O)C4=CN=C(N=C4)N)N=C21)OCCCN5CCOCC5
9883933,CC(C)C(=O)OC(C)OC(=O)NCC1(CCCCC1)CC(=O)O
54767916,CC(C)[C@@H](C(=O)N1CCC[C@H]1C(=O)NC2=CC=C(C=C2)[C@@H]3CC[C@H](N3C4=CC=C(C=C4)C(C)(C)C)C5=CC=C(C=C5)NC(=O)[C@@H]6CCCN6C(=O)[C@H](C(C)C)NC(=O)OC)NC(=O)OC
25145656,CNC(=O)C1=C(C=C(C=C1)C2=NN3C(=CN=C3N=C2)CC4=CC5=C(C=C4)N=CC=C5)F
4409,CC(=O)CCC1=CC2=C(C=C1)C=C(C=C2)OC
6918456,CC(=O)OC1=CC2=C(S1)CCN(C2)C(C3=CC=CC=C3F)C(=O)C4CC4
6918462,C[C@@H]1CC[C@@]23CCC(=O)[C@H]2[C@@]1([C@@H](C[C@@]([C@H]([C@@H]3C)O)(C)C=C)OC(=O)CSC4C[C@H]5CC[C@@H](C4)N5C)C
94532,CCN(C)[C@@H](C)[C@@H](C1=CC=CC=C1)O
4421,CCN1C=C(C(=O)C2=C1N=C(C=C2)C)C(=O)O
12620,CCCCCCCCCCCCCCCCCCCCCCO
6918483,C[C@@H]1CC[C@H]2[C@H](C(O[C@H]3[C@@]24[C@H]1CC[C@](O3)(OO4)C)O)C
4436,C1CN=C(N1)CC2=CC=CC3=CC=CC=C32
6918485,C[C@@H](C1=NC(=CS1)C2=CC=C(C=C2)C#N)[C@](CN3C=NC=N3)(C4=C(C=CC(=C4)F)F)O
6918486,CC[C@H]1C(=O)N(CC(=O)N([C@H](C(=O)N[C@H](C(=O)N([C@H](C(=O)N[C@H](C(=O)N[C@@H](C(=O)N([C@H](C(=O)N([C@H](C(=O)N([C@H](C(=O)N([C@H](C(=O)N1)[C@@H]([C@H](C)C/C=C/C=C)O)C)C(C)C)C)CC(C)C)C)CC(C)C)C)C)C)CC(C)C)C)C(C)C)CC(C)C)C)C
20824,CC1([C@@H](N2[C@H](S1)[C@@H](C2=O)NC(=O)C(C3=CC=CC=C3)C(=O)O)C(=O)O)C
4440,CNS(=O)(=O)CCC1=CC2=C(C=C1)NC=C2C3CCN(CC3)C
6918493,CC1=CC(=NC(=N1)O[C@H](C(=O)O)C(C2=CC=CC=C2)(C3=CC=CC=C3)OC)C
4449,CCC1=NN(C(=O)N1CCOC2=CC=CC=C2)CCCN3CCN(CC3)C4=CC(=CC=C4)Cl
5353830,C1C(=O)NC(=O)N1/N=C\C2=CC=C(O2)[N+](=O)[O-]
4456,CN(C)C(=O)OC1=CC=CC(=C1)[N+](C)(C)C
135565674,CCCCCCOC(=O)NC(=N)C1=CC=C(C=C1)NCC2=NC3=C(N2C)C=CC(=C3)C(=O)N(CCC(=O)OCC)C4=CC=CC=N4
4463,CC1=C2C(=NC=C1)N(C3=C(C=CC=N3)C(=O)N2)C4CC4
11432307,CCC1=C(C=CC(=C1)/C(=N\OCC2=CC(=C(C=C2)C3CCCCC3)C(F)(F)F)/C)CN4CC(C4)C(=O)O
4472,C1=CC=C(C=C1)CNC(=O)CCNNC(=O)C2=CC=NC=C2
4474,CC1=C(C(C(=C(N1)C)C(=O)OCCN(C)CC2=CC=CC=C2)C3=CC(=CC=C3)[N+](=O)[O-])C(=O)OC
4477,C1=CC(=C(C=C1[N+](=O)[O-])Cl)NC(=O)C2=C(C=CC(=C2)Cl)O
4485,CC1=C(C(C(=C(N1)C)C(=O)OC)C2=CC=CC=C2[N+](=O)[O-])C(=O)OC
6918537,C1C[C@H](N(C1)C(=O)CNC23CC4CC(C2)CC(C4)(C3)O)C#N
4493,CC1(C(=O)N(C(=O)N1)C2=CC(=C(C=C2)[N+](=O)[O-])C(F)(F)F)C
4494,CC1=C(C(C(=C(N1)C#N)C(=O)OC)C2=CC(=CC=C2)[N+](=O)[O-])C(=O)OC(C)C
4495,CS(=O)(=O)NC1=C(C=C(C=C1)[N+](=O)[O-])OC2=CC=CC=C2
119182,C1=NC2=C(N=C(N=C2N1[C@H]3[C@H]([C@@H]([C@H](O3)CO)O)F)Cl)N
4497,CC1=C(C(C(=C(N1)C)C(=O)OC(C)C)C2=CC(=CC=C2)[N+](=O)[O-])C(=O)OCCOC
86418,C1CN(C(=N1)N[N+](=O)[O-])CC2=CN=C(C=C2)Cl
4499,CC1=C(C(C(=C(N1)C)C(=O)OCC(C)C)C2=CC=CC=C2[N+](=O)[O-])C(=O)OC
6918554,CCC1=C(C=C2CC(CC2=C1)NC[C@@H](C3=C4C=CC(=O)NC4=C(C=C3)O)O)CC
4507,CCOC(=O)C1=C(NC(=C(C1C2=CC(=CC=C2)[N+](=O)[O-])C(=O)OC)C)C
4506,C1C(=O)NC2=C(C=C(C=C2)[N+](=O)[O-])C(=N1)C3=CC=CC=C3
6918558,CC(C)C(=O)OC1=C(C=C(C=C1)CO)[C@H](CCN(C(C)C)C(C)C)C2=CC=CC=C2
4510,C(C(CO[N+](=O)[O-])O[N+](=O)[O-])O[N+](=O)[O-]
4513,CNC(=C[N+](=O)[O-])NCCSCC1=CSC(=N1)CN(C)C
126456229,CC[C@H](C)[C@@H](C(=N[C@@H](CC(C)C)C(=O)N1CCC[C@H]1C(=O)N2CCC[C@H]2C(=N[C@@H]([C@@H](C)O)C(=N[C@@H](CC(=N)O)C(=N[C@@H](C(C)C)C(=NCC(=N[C@@H](CO)C(=N[C@@H](CC(=N)O)C(=N[C@@H]([C@@H](C)O)C(=N[C@@H](CC3=CC=C(C=C3)O)C(=N)O)O)O)O)O)O)O)O)O)O)N=C([C@@H]4CCCN4C(=O)CN=C([C@H](CC5=CC=CC=C5)N=C([C@H](CC(=N)O)N=C([C@H](CC(=N)O)N=C([C@H](CO)N=C([C@H](CO)N=C([C@H](CC6=CN=CN6)N=C([C@H](C(C)C)N=C([C@H](CC(C)C)N=C([C@H](CC7=CC=CC=C7)N=C([C@H](CC(=N)O)N=C([C@H](C)N=C([C@H](CC(C)C)N=C([C@H](CCCNC(=N)N)N=C([C@H](CCC(=N)O)N=C([C@H]([C@@H](C)O)N=C([C@H](C)N=C([C@@H]8CSSC[C@@H](C(=N[C@H](C(=N[C@H](C(=N[C@H](C(=N[C@H](C(=N8)O)[C@@H](C)O)O)C)O)[C@@H](C)O)O)CC(=N)O)O)N=C([C@H](CCCCN)N)O)O)O)O)O)O)O)O)O)O)O)O)O)O)O)O)O)O)O
4528,CN1CC(C2=C(C1)C(=CC=C2)N)C3=CC=CC=C3
135401907,C1=NNC2=C1C(=O)NC=N2
4539,CCN1C=C(C(=O)C2=CC(=C(C=C21)N3CCNCC3)F)C(=O)O
4542,CCC12CCC3C(C1CCC2(C#C)O)CCC4=CC(=O)CCC34
4543,CNCCC=C1C2=CC=CC=C2CCC3=CC=CC=C31
11243969,C1[C@@H]2C[C@@H]2N([C@@H]1C#N)C(=O)[C@H](C34CC5CC(C3)CC(C5)(C4)O)N
9941444,C1[C@H](CN2[C@@H]1C(=O)N[C@H](C(=O)N[C@@H](C(=O)N[C@H](C(=O)N[C@H](C(=O)N[C@H](C2=O)CC3=CC=CC=C3)CC4=CC=C(C=C4)OCC5=CC=CC=C5)CCCCN)CC6=CNC7=CC=CC=C76)C8=CC=CC=C8)OC(=O)NCCN
5362119,C1C[C@H](N(C1)C(=O)[C@H](CCCCN)N[C@@H](CCC2=CC=CC=C2)C(=O)O)C(=O)O
86472,CC1=C(C(=C(C2=C1O[C@](CC2)(C)CCC[C@H](C)CCC[C@H](C)CCCC(C)C)C)OC(=O)C)C
5362124,CCOC(=O)[C@H](CCC1=CC=CC=C1)N[C@H]2CCC3=CC=CC=C3N(C2=O)CC(=O)O
53708,CC1=C(NC(=O)N1)C(=O)C2=CC=C(C=C2)SC
6918606,C[C@@H](C1=NC(=CS1)C2=CC=C(C=C2)C#N)[C@](CN3C=[N+](C=N3)C(C)OC(=O)N(C)C4=C(C=CC=N4)COC(=O)CNC)(C5=C(C=CC(=C5)F)F)O
5362129,CCOC(=O)[C@H](CCC1=CC=CC=C1)N[C@@H](C)C(=O)N2[C@H]3CCC[C@H]3C[C@H]2C(=O)O
54677971,CN1C(=C(C2=C(S1(=O)=O)C=CS2)O)C(=O)NC3=CC=CC=N3
154735061,CC[C@@H]1[C@H](C2=CC3=NC(=C(C3=C(C)[O-])C)C=C4[C@H]([C@@H](C(=N4)C(=C5C(=C(C(=N5)C=C1N2)C)C(=NCCS(=O)(=O)O)[O-])CC(=O)OC)CCC(=O)O)C)C.[Pd+2]
10482134,C1=CC=C(C=C1)CCCC(=O)OCC(COC(=O)CCCC2=CC=CC=C2)OC(=O)CCCC3=CC=CC=C3
4567,CC(CCC1=CC=CC=C1)NC(C)C(C2=CC=C(C=C2)O)O
9966051,CC1=CC(=C(C=C1)SC2=CC=CC=C2N3CCNCC3)C
4583,CC1COC2=C3N1C=C(C(=O)C3=CC(=C2N4CCN(CC4)C)F)C(=O)O
6918638,C1=CC=C(C=C1)NS(=O)(=O)C2=CC=CC(=C2)/C=C/C(=O)NO
4594,CC1=CN=C(C(=C1OC)C)CS(=O)C2=NC3=C(N2)C=C(C=C3)OC
4595,CC1=NC=CN1CC2CCC3=C(C2=O)C4=CC=CC=C4N3C
4601,CC1=CC=CC=C1C(C2=CC=CC=C2)OCCN(C)C
4612,CC(C)NCC1CCC2=CC(=C(C=C2N1)[N+](=O)[O-])CO
4614,C1=CC=C(C=C1)C2=C(OC(=N2)CCC(=O)O)C3=CC=CC=C3
4616,C1=CC=C(C=C1)C2=NC(C(=O)NC3=C2C=C(C=C3)Cl)O
446987,C[C@H]1[C@H](O1)P(=O)(O)O
4621,CC(C)(CC1=CC=CC=C1)N(C)C(=O)CN(CCO)CC(=O)N(C)C(C)(C)CC2=CC=CC=C2
4622,CCCOC1=CC2=C(C=C1)N=C(N2)NC(=O)OC
37393,CCCCN(CCCC)CCC(C1=C2C=CC(=CC2=C3C=C(C=C(C3=C1)Cl)Cl)C(F)(F)F)O
4631,CC(C)NCC(COC1=CC=CC=C1OCC=C)O
4632,COC1=CC(=C(C=C1)C(=O)C2=CC=CC=C2)O
4633,CCCCOC1=C(C=CC(=C1)C(=O)OCCN(CC)CC)N
4634,CCN(CC)CC#CCOC(=O)C(C1CCCCC1)(C2=CC=CC=C2)O
4636,CC1=CC(=C(C(=C1CC2=NCCN2)C)O)C(C)(C)C
2724385,C[C@@H]1[C@H]([C@H](C[C@@H](O1)O[C@@H]2[C@H](O[C@H](C[C@@H]2O)O[C@@H]3[C@H](O[C@H](C[C@@H]3O)O[C@H]4CC[C@]5([C@@H](C4)CC[C@@H]6[C@@H]5C[C@H]([C@]7([C@@]6(CC[C@@H]7C8=CC(=O)OC8)O)C)O)C)C)C)O)O
4641,CCCCC1C(=O)N(N(C1=O)C2=CC=C(C=C2)O)C3=CC=CC=C3
4642,CN1CCCN=C1COC(=O)C(C2CCCCC2)(C3=CC=CC=C3)O
9867812,CC1=CN=C2N1C3=C(C=C(C=C3)Br)C(=N[C@H]2CCC(=O)OC)C4=CC=CC=N4
4649,C1=CC(=C(C=C1N)O)C(=O)O
9835049,C1C[C@H](N2C[C@@H]1N(C2=O)OS(=O)(=O)O)C(=O)N
42611257,CCCS(=O)(=O)NC1=C(C(=C(C=C1)F)C(=O)C2=CNC3=C2C=C(C=N3)C4=CC=C(C=C4)Cl)F
135565884,C=CC(=O)N1CCC(CC1)[C@@H]2CCNC3=C(C(=NN23)C4=CC=C(C=C4)OC5=CC=CC=C5)C(=O)N
4674,C(CN)C(O)(P(=O)(O)O)P(=O)(O)O
447043,CC[C@@H]1[C@@]([C@@H]([C@H](N(C[C@@H](C[C@@]([C@@H]([C@H]([C@@H]([C@H](C(=O)O1)C)O[C@H]2C[C@@]([C@H]([C@@H](O2)C)O)(C)OC)C)O[C@H]3[C@@H]([C@H](C[C@H](O3)C)N(C)C)O)(C)O)C)C)C)O)(C)O
4679,COC1=C(C(=NC=C1)CS(=O)C2=NC3=C(N2)C=C(C=C3)OC(F)F)OC
4680,COC1=C(C=C(C=C1)CC2=NC=CC3=CC(=C(C=C32)OC)OC)OC
4684,C1=CC(=CC=C1O)Cl
4688,CN(CC#C)CC1=CC=CC=C1
53629521,C1=CC=C(C(=C1)C(=O)[O-])[O-].[OH-].[Bi+3]
3011155,COC1=NC(=NC2=C1N=CN2[C@H]3[C@H]([C@@H]([C@H](O3)CO)O)O)N
6435415,CC1(C[C@@H]1C(=O)N/C(=C\CCCCSC[C@@H](C(=O)O)N)/C(=O)O)C
37464,CC(C)(C)NC[C@@H](COC1=CC=CC=C1C2CCCC2)O
3002977,CC1=NN=C(N1C2C[C@H]3CC[C@@H](C2)N3CC[C@@H](C4=CC=CC=C4)NC(=O)C5CCC(CC5)(F)F)C(C)C
5280360,CCCCC[C@@H](/C=C/[C@H]1[C@@H](CC(=O)[C@@H]1C/C=C\CCCC(=O)O)O)O
5280363,CCCCC[C@@H](/C=C/[C@H]1[C@@H](C[C@@H]([C@@H]1C/C=C\CCCC(=O)O)O)O)O
71602803,CC(C)N1C(=CC=N1)C2=C(C=CC=N2)COC3=CC=CC(=C3C=O)O
21109,COC1=C(C(=C(C=C1)CN2CCNCC2)OC)OC
70693500,C[C@H]1C(=O)N[C@H]2CSSC[C@@H](C(=O)N[C@H](C(=O)N[C@H](C(=O)N[C@@H](CSSC[C@H](NC(=O)CNC(=O)[C@@H](NC2=O)[C@@H](C)O)C(=O)N[C@@H](CC(C)C)C(=O)O)C(=O)N[C@H](C(=O)N[C@H](C(=O)N[C@H](C(=O)N1)C(C)C)CC(=O)N)C(C)C)CC(C)C)CCC(=O)O)NC(=O)[C@H](CCC(=O)O)NC(=O)[C@H](CC(=O)O)NC(=O)[C@H](CC(=O)N)N
4735,C1=CC(=CC=C1C(=N)N)OCCCCCOC2=CC=C(C=C2)C(=N)N
4736,CC1C2CC3=C(C1(CCN2CC=C(C)C)C)C=C(C=C3)O
4737,CCCC(C)C1(C(=O)NC(=O)NC1=O)CC
4740,CC(=O)CCCCN1C(=O)C2=C(N=CN2C)N(C1=O)C
119432,[13NH3]
4746,C1CCC(CC1)C(CC2CCCCN2)C3CCCCC3
4747,C1CN(CCC1O)CCCN2C3=CC=CC=C3SC4=C2C=C(C=C4)C#N
4748,C1CN(CCN1CCCN2C3=CC=CC=C3SC4=C2C=C(C=C4)Cl)CCO
54686350,C[N+](C)(C)CCO.C1=CC=C(C(=C1)C(=O)O)[O-]
29327,CN(C(=O)N[C@@H]1[C@H]([C@@H]([C@H](O[C@@H]1O)CO)O)O)N=O
4753,C1=CC=C(C=C1)CC(=O)NC(=O)N
6714002,CCC(=O)OCC(=O)[C@]1(CC[C@@H]2[C@@]1(C[C@@H]([C@H]3[C@H]2CCC4=CC(=O)C=C[C@]34C)O)C)OC(=O)OCC
4756,C1=CC=C(C=C1)N=NC2=C(N=C(C=C2)N)N
9949848,CC1=C[C@@H]2[C@H](CC[C@]3([C@H]2CC[C@]3(C)C(=O)C)C)[C@@]4(C1=CC(=O)CC4)C
4760,C1=CC=C(C=C1)C2C(=O)C3=CC=CC=C3C2=O
4762,CC1C(OCCN1)C2=CC=CC=C2
4763,CCC1(C(=O)NC(=O)NC1=O)C2=CC=CC=C2
4764,C1=CC=C2C(=C1)C(=O)OC2(C3=CC=C(C=C3)O)C4=CC=C(C=C4)O
4761,CN(C)CCC(C1=CC=CC=C1)C2=CC=CC=N2
4768,CC(COC1=CC=CC=C1)N(CCCl)CC2=CC=CC=C2
4771,CC(C)(CC1=CC=CC=C1)N
37542,C1=NC(=NN1[C@H]2[C@@H]([C@@H]([C@H](O2)CO)O)O)C(=O)N
44462760,CC(C)(C)C1=NC(=C(S1)C2=NC(=NC=C2)N)C3=C(C(=CC=C3)NS(=O)(=O)C4=C(C=CC=C4F)F)F
4781,CCCCC1C(=O)N(N(C1=O)C2=CC=CC=C2)C3=CC=CC=C3
4786,CC(C(C1=CC=CC=C1)O)N
25137844,CC1O[C@]2(CN3CCC2CC3)CS1
6918837,CC1=C(C2=CC=CC=C2N1)CCNCC3=CC=C(C=C3)/C=C/C(=O)NO
5493444,CC(C)[C@@H](CC1=CC(=C(C=C1)OC)OCCCOC)C[C@@H]([C@H](C[C@@H](C(C)C)C(=O)NCC(C)(C)C(=O)N)O)N
5280453,C[C@H](CCCC(C)(C)O)[C@H]1CC[C@@H]\2[C@@]1(CCC/C2=C\C=C/3\C[C@H](C[C@@H](C3=C)O)O)C
56840904,C1=CC(=CC(=C1)[123I])CN=C(N)N.C1=CC(=CC(=C1)[123I])CN=C(N)N.OS(=O)(=O)O
4810,CC1=NC(=C(C(=N1)Cl)NC2=NCCN2)OC
62156,CCC(=O)N(C1=CC=CC=C1)C2(CCN(CC2)CCC3=CC=CC=C3)C(=O)OC
4823,CC1CC(=O)NN=C1C2=CC3=C(C=C2)N=C(N3)C4=CC=C(C=C4)OC
4826,CC(C(C)(C)C)N=C(NC#N)NC1=CC=NC=C1
4828,CC(C)NCC(COC1=CC=CC2=C1C=CN2)O
4829,CCC1=CN=C(C=C1)CCOC2=CC=C(C=C2)CC3C(=O)NC(=O)S3
4837,C1CNCCN1
176870,COCCOC1=C(C=C2C(=C1)C(=NC=N2)NC3=CC=CC(=C3)C#C)OCCOC
5280489,CC1=C(C(CCC1)(C)C)/C=C/C(=C/C=C/C(=C/C=C/C=C(/C=C/C=C(/C=C/C2=C(CCCC2(C)C)C)\C)\C)/C)/C
4845,CC(C)(C)NCC(C1=NC(=C(C=C1)O)CO)O
4848,CN1CCN(CC1)CC(=O)N2C3=CC=CC=C3C(=O)NC4=C2N=CC=C4
21233,C[N+]1(CCC2=CC(=C3C=C2[C@@H]1CC4=CC=C(C=C4)OC5=C6[C@@H](CC7=CC(=C(C=C7)OC)O3)[N+](CCC6=CC(=C5OC)OC)(C)C)OC)C
4849,C1CCN(C1)C2=C(C(=CC(=C2)C(=O)O)S(=O)(=O)N)OC3=CC=CC=C3
54670067,C([C@@H]([C@@H]1C(=C(C(=O)O1)O)O)O)O
275196,CN1CCC2=CC3=C(C(=C2[C@@H]1[C@@H]4C5=C(C(=C(C=C5)OC)OC)C(=O)O4)OC)OCO3
3003141,C1[C@H](S/C(=C(\C#N)/N2C=CN=C2)/S1)C3=C(C=C(C=C3)Cl)Cl
4870,CN1C(NC2=CC(=C(C=C2S1(=O)=O)S(=O)(=O)N)Cl)CSCC(F)(F)F
60150535,CCOC1=NC=C(C2=C1[C@@H](C(=C(N2)C)C(=O)N)C3=C(C=C(C=C3)C#N)OC)C
5362440,CC(C)(C)NC(=O)[C@@H]1CN(CCN1C[C@H](C[C@@H](CC2=CC=CC=C2)C(=O)N[C@@H]3[C@@H](CC4=CC=CC=C34)O)O)CC5=CN=CC=C5
5378825,C1C(=O)NC(=O)N1/N=C\C2=CC=C(O2)C3=CC=C(C=C3)[N+](=O)[O-]
71496458,CN1C=C(C2=CC=CC=C21)C3=NC(=NC=C3)NC4=C(C=C(C(=C4)NC(=O)C=C)N(C)CCN(C)C)OC
4873,[Cl-].[K+]
119570,CCCN[C@H]1CCC2=C(C1)SC(=N2)N
4883,CC(C)NCC(COC1=CC=C(C=C1)NC(=O)C)O
4884,C[N+]1=CC=CC=C1C=NO
4890,C1CC1CN2C(=O)CN=C(C3=C2C=CC(=C3)Cl)C4=CC=CC=C4
4891,C1CCC(CC1)C(=O)N2CC3C4=CC=CC=C4CCN3C(=O)C2
4893,COC1=C(C=C2C(=C1)C(=NC(=N2)N3CCN(CC3)C(=O)C4=CC=CO4)N)OC
3085092,CC[C@H]([C@H]1CC[C@@H]([C@@H](O1)[C@@H](C)[C@@H]([C@H](C)C(=O)[C@H](CC)[C@@H]2[C@H](C[C@H]([C@]3(O2)C=C[C@H]([C@@]4(O3)CC[C@@](O4)(C)[C@H]5CC[C@@]([C@@H](O5)C)(CC)O)O)C)C)O)C)C(=O)O
4906,CCCNC(C)C(=O)NC1=CC=CC=C1C
4908,CC(CCCN)NC1=C2C(=CC(=C1)OC)C=CC=N2
4909,CCC1(C(=O)NCNC1=O)C2=CC=CC=C2
4911,CCCN(CCC)S(=O)(=O)C1=CC=C(C=C1)C(=O)O
4912,CC(C)(C)C1=CC(=CC(=C1O)C(C)(C)C)SC(C)(C)SC2=CC(=C(C(=C2)C(C)(C)C)O)C(C)(C)C
4913,CCN(CC)CCNC(=O)C1=CC=C(C=C1)N
4914,CCN(CC)CCOC(=O)C1=CC=C(C=C1)N
4915,CC(C)NC(=O)C1=CC=C(C=C1)CNNC
4917,CN1CCN(CC1)CCCN2C3=CC=CC=C3SC4=C2C=C(C=C4)Cl
13109,CC[C@]12CC[C@H]3[C@H]([C@@H]1CC[C@]2(C#C)O)CCC4=CC(=O)CC[C@H]34
119607,CC1=C(C(=NO1)C2=CC=CC=C2)C3=CC=C(C=C3)S(=O)(=O)N
4919,C1CCC(CC1)C(CCN2CCCC2)(C3=CC=CC=C3)O
4923,CC(C)N=C(N)N=C(N)NC1=CC=C(C=C1)Cl
21307,CC1=C(SCCO1)C(=O)NC2=CC=CC=C2
4926,CN(C)CCCN1C2=CC=CC=C2SC3=CC=CC=C31
4927,CC(CN1C2=CC=CC=C2SC3=CC=CC=C31)N(C)C
4932,CCCNCC(COC1=CC=CC=C1C(=O)CCC2=CC=CC=C2)O
4934,CC(C)[N+](C)(CCOC(=O)C1C2=CC=CC=C2OC3=CC=CC=C13)C(C)C
21319,CC1=C(C(=NO1)C2=C(C=CC=C2Cl)F)C(=O)N[C@H]3[C@@H]4N(C3=O)[C@H](C(S4)(C)C)C(=O)O
4935,CCCOC1=C(C=C(C=C1)C(=O)OCCN(CC)CC)N
4940,CCC(=O)C1=CC2=C(C=C1)SC3=CC=CC=C3N2CC(C)N(C)C
4942,CCCOC(C1=CC=CC=C1)(C2=CC=CC=C2)C(=O)OC3CCN(CC3)C
5288783,C[C@H](/C=C/[C@H](C1CC1)O)[C@H]2CC[C@@H]\3[C@@]2(CCC/C3=C\C=C/4\C[C@H](C[C@@H](C4=C)O)O)C
4943,CC(C)C1=C(C(=CC=C1)C(C)C)O
13136,C(C(=O)[O-])C(CC(=O)[O-])(C(=O)[O-])O.C(C(=O)[O-])C(CC(=O)[O-])(C(=O)[O-])O.[Ca+2].[Ca+2].[Ca+2]
4946,CC(C)NCC(COC1=CC=CC2=CC=CC=C21)O
77050711,C1=CC(=CC=C1C2=CN=C(C=C2)C([C@](CN3C=NN=N3)(C4=C(C=C(C=C4)F)F)O)(F)F)OCC(F)(F)F
37720,C1[C@H]([C@@H]([C@H]([C@@H](O1)O[C@@H]2CO[C@H]([C@@H]([C@H]2OS(=O)(=O)O)OS(=O)(=O)O)O)OS(=O)(=O)O)OS(=O)(=O)O)O
46199646,CC(C)(CO)C1=CC2=CC(=C(C=C2N1C[C@H](CO)O)F)NC(=O)C3(CC3)C4=CC5=C(C=C4)OC(O5)(F)F
24965990,C[C@@H]1CCN(CCN1C(=O)C2=C(C=CC(=C2)C)N3N=CC=N3)C4=NC5=C(O4)C=CC(=C5)Cl
4969,CC(CC1=CC2=C(C=C1)OCO2)NCC(C3=CC(=C(C=C3)O)O)O
4976,CNCCCC1C2=CC=CC=C2C=CC3=CC=CC=C13
439153,C1C=CN(C=C1C(=O)N)[C@H]2[C@@H]([C@@H]([C@H](O2)COP(=O)(O)OP(=O)(O)OC[C@@H]3[C@H]([C@H]([C@@H](O3)N4C=NC5=C(N=CN=C54)N)O)O)O)O
145994608,C(C(=O)[O-])C(CC(=O)[O-])(C(=O)[O-])O.C(C(=O)[O-])C(CC(=O)[O-])(C(=O)[O-])O.C(C(=O)[O-])C(CC(=O)[O-])(C(=O)[O-])O.OP(=O)(O)OP(=O)(O)O.OP(=O)(O)OP(=O)(O)O.OP(=O)([O-])OP(=O)([O-])[O-].[Fe+3].[Fe+3].[Fe+3].[Fe+3]
5288826,CN1CC[C@]23[C@@H]4[C@H]1CC5=C2C(=C(C=C5)O)O[C@H]3[C@H](C=C4)O
11219835,C1=CC=C(C(=C1)C2=NC(=NO2)C3=CC(=CC=C3)C(=O)O)F
4991,C[N+]1=CC=CC(=C1)OC(=O)N(C)C
4992,CN(C)CCN(CC1=CC=C(C=C1)OC)C2=CC=CC=N2
4993,CCC1=C(C(=NC(=N1)N)N)C2=CC=C(C=C2)Cl
76968835,C([C@@H]1[C@H]([C@@H]([C@H]([C@H](O1)O[C@]2([C@H]([C@@H]([C@H](O2)CO)O)O)CO)O)O)O)O.C([C@@H]1[C@H]([C@@H]([C@H]([C@H](O1)O[C@]2([C@H]([C@@H]([C@H](O2)CO)O)O)CO)O)O)O)O.C([C@@H]1[C@H]([C@@H]([C@H]([C@H](O1)O[C@]2([C@H]([C@@H]([C@H](O2)CO)O)O)CO)O)O)O)O.C([C@@H]1[C@H]([C@@H]([C@H]([C@H](O1)O[C@]2([C@H]([C@@H]([C@H](O2)CO)O)O)CO)O)O)O)O.C([C@@H]1[C@H]([C@@H]([C@H]([C@H](O1)O[C@]2([C@H]([C@@H]([C@H](O2)CO)O)O)CO)O)O)O)O.C([C@H]([C@H]([C@@H]([C@H](C(=O)[O-])O)O)O)O)O.[O-2].[O-2].[O-2].[Na+].[Fe+3].[Fe+3]
4999,C1C(=S)N(C2=C(C=C(C=C2)Cl)C(=N1)C3=CC=CC=C3F)CC(F)(F)F
643975,CC1=CC2=C(C=C1C)N(C3=NC(=O)NC(=O)C3=N2)C[C@@H]([C@@H]([C@@H](COP(=O)(O)OP(=O)(O)OC[C@@H]4[C@H]([C@H]([C@@H](O4)N5C=NC6=C(N=CN=C65)N)O)O)O)O)O
643976,CC1=CC2=C(C=C1C)N(C3=NC(=O)NC(=O)C3=N2)C[C@@H]([C@@H]([C@@H](COP(=O)(O)O)O)O)O
5002,C1CN(CCN1CCOCCO)C2=NC3=CC=CC=C3SC4=CC=CC=C42
37768,C1[C@@H]([C@H]([C@@H]([C@H]([C@@H]1NC(=O)[C@H](CCN)O)O[C@@H]2[C@@H]([C@H]([C@@H]([C@H](O2)CO)O)N)O)O)O[C@@H]3[C@@H]([C@H]([C@@H]([C@H](O3)CN)O)O)O)N
10130337,C1=CC=C(C=C1)C[C@H](COC(=O)N)N
5029,CC1=C(C=CN=C1CS(=O)C2=NC3=CC=CC=C3N2)OCCCOC
168871,CC(C)[C@H]1C(=O)N2CCC[C@H]2[C@]3(N1C(=O)[C@](O3)(C(C)C)NC(=O)[C@@H]4C[C@H]5[C@@H](CC6=CNC7=CC=CC5=C67)N(C4)C)O
5035,C1CCN(CC1)CCOC2=CC=C(C=C2)C(=O)C3=C(SC4=C3C=CC(=C4)O)C5=CC=C(C=C5)O
439213,C([C@@H]1[C@H]([C@@H]([C@H](C(O1)O)N)O)O)O
5039,CNC(=C[N+](=O)[O-])NCCSCC1=CC=C(O1)CN(C)C
24826799,CC1=C(C=C(C=C1)C(=O)NC2=CC(=C(C=C2)CN3CCN(CC3)C)C(F)(F)F)C#CC4=CN=C5N4N=CC=C5
644019,CCCCCC1=CC(=C(C(=C1)O)[C@@H]2C=C(CC[C@H]2C(=C)C)C)O
10113978,CC1=C(C=C(C=C1)NC2=NC=CC(=N2)N(C)C3=CC4=NN(C(=C4C=C3)C)C)S(=O)(=O)N
5054,C1=CC(=CC(=C1)O)O
5070,C1=CC2=C(C=C1OC(F)(F)F)SC(=N2)N
121304016,CCC(CC)COC(=O)[C@H](C)N[P@](=O)(OC[C@@H]1[C@H]([C@H]([C@](O1)(C#N)C2=CC=C3N2N=CN=C3N)O)O)OC4=CC=CC=C4
5073,CC1=C(C(=O)N2CCCCC2=N1)CCN3CCC(CC3)C4=NOC5=C4C=CC(=C5)F
5280723,CCCCC[C@@H](/C=C/[C@H]1[C@@H](CC(=O)[C@@H]1CCCCCCC(=O)O)O)O
54678486,CC(=O)CC(C1=CC=CC=C1)C2=C(C3=CC=CC=C3OC2=O)O
10220503,CCC(=O)NC[C@@H]1C[C@H]1C2=C3CCOC3=CC=C2
5078,CN(C)CCC1=CNC2=C1C=C(C=C2)CN3C=NC=N3
439260,C1=CC(=C(C=C1[C@H](CN)O)O)O
5090,CS(=O)(=O)C1=CC=C(C=C1)C2=C(C(=O)OC2)C3=CC=CC=C3
5095,CCCN(CCC)CCC1=C2CC(=O)NC2=CC=C1
644073,C[C@]([C@H]1C[C@@]23CC[C@@]1([C@H]4[C@@]25CCN([C@@H]3CC6=C5C(=C(C=C6)O)O4)CC7CC7)OC)(C(C)(C)C)O
644076,C1C[C@H](N(C1)C(=O)[C@@H]2CSSC[C@@H](C(=O)N[C@H](C(=O)N[C@H](C(=O)N[C@H](C(=O)N[C@H](C(=O)N2)CC(=O)N)CCC(=O)N)CC3=CC=CC=C3)CC4=CC=C(C=C4)O)N)C(=O)N[C@@H](CCCCN)C(=O)NCC(=O)N
439280,C1=CC2=C(C=C1O)C(=CN2)C[C@@H](C(=O)O)N
11965427,CS(=O)(=O)C1=CC=CC(=C1)C[C@@H](C(=O)O)NC(=O)C2=C(C=C3CN(CCC3=C2Cl)C(=O)C4=CC5=C(C=C4)C=CO5)Cl
13308,C[C@]12CC[C@H]3[C@H]([C@@H]1CC[C@@H]2O)CCC4=CC(=O)C=C[C@]34C
119828,CCC(=O)NS(=O)(=O)C1=CC=C(C=C1)C2=C(ON=C2C3=CC=CC=C3)C
16667669,CCP(CC)CC.CC(=O)OC[C@@H]1[C@H]([C@@H]([C@H]([C@@H](O1)[S-])OC(=O)C)OC(=O)C)OC(=O)C.[Au+]
101946392,[HH].[HH].[Mg]
5280793,C[C@H](/C=C/[C@H](C)C(C)C)[C@H]1CC[C@@H]\2[C@@]1(CCC/C2=C\C=C/3\C[C@H](CCC3=C)O)C
5280795,C[C@H](CCCC(C)C)[C@H]1CC[C@@H]\2[C@@]1(CCC/C2=C\C=C/3\C[C@H](CCC3=C)O)C
56955933,C(=[N-])=[N-].[Ca+2]
13342,CC[C@@]1(C[C@H]2C[C@@](C3=C(CCN(C2)C1)C4=CC=CC=C4N3)(C5=C(C=C6C(=C5)[C@]78CCN9[C@H]7[C@@](C=CC9)([C@H]([C@@]([C@@H]8N6C)(C(=O)OC)O)OC(=O)C)CC)OC)C(=O)OC)O
5152,C1=CC=C(C=C1)CCCCOCCCCCCNCC(C2=CC(=C(C=C2)O)CO)O
5280805,C[C@H]1[C@@H]([C@H]([C@H]([C@@H](O1)OC[C@@H]2[C@H]([C@@H]([C@H]([C@@H](O2)OC3=C(OC4=CC(=CC(=C4C3=O)O)O)C5=CC(=C(C=C5)O)O)O)O)O)O)O)O
5161,C1=CC=C(C(=C1)C(=O)OC2=CC=CC=C2C(=O)O)O
59634741,C1CC1CN2CCN(CC2)C(=O)C3=CC=C(C=C3)NS(=O)(=O)C4=CC=CC5=C4N=CC=C5
5193,CCCC(C)C1(C(=O)NC(=O)NC1=O)CC=C
644169,CC1=C(SC=[N+]1CC2=CN=C(N=C2N)C)CCOP(=O)([O-])OP(=O)(O)O
6452300,[Cl-].[Cl-].[Cl-].[Cr+3]
6337614,C1C[C@@H]2CN(C(=O)C3=CC=CC(=C23)C1)[C@@H]4CN5CCC4CC5
5206,C(OC(C(F)(F)F)C(F)(F)F)F
5210,CC(C)CC(C1(CCC1)C2=CC=C(C=C2)Cl)N(C)C
5215,C1=CN=C(N=C1)NS(=O)(=O)C2=CC=C(C=C2)N
46871657,C[C@H](C(C)C)[C@]1(CC[C@@]2([C@H]3CC[C@H]4[C@]5(COC[C@]4(C3=CC[C@]2([C@@H]1C(=O)O)C)C[C@H]([C@@H]5OC[C@@](C)(C(C)(C)C)N)N6C(=NC=N6)C7=CC=NC=C7)C)C)C
54385,C[C@@H]1CN(CC[C@@]1(C2=CC=CC=C2)C(=O)O)C3CCC(CC3)(C#N)C4=CC=C(C=C4)F
160883,CCCC[N+]1([C@@H]2CC(C[C@H]1[C@H]3[C@@H]2O3)OC(=O)[C@H](CO)C4=CC=CC=C4)C
185460,CCOCCN1C2=CC=CC=C2N=C1C3CCN(CC3)CCC4=CC=C(C=C4)C(C)(C)C(=O)O
193653,C([C@@H](C(=O)O)N)SCC(=O)O
5235,[F-].[Na+]
5241,CN(C)C=NC1=C(C=C(C(=C1I)CCC(=O)O)I)I
11154555,CN(C)C(=O)NC1CCC(CC1)CCN2CCN(CC2)C3=C(C(=CC=C3)Cl)Cl
5245,C1=CC(=CN=C1)CC(O)(P(=O)(O)O)P(=O)(O)O
5253,CC(C)NCC(C1=CC=C(C=C1)NS(=O)(=O)C)O
644241,CC1=C(C=C(C=C1)C(=O)NC2=CC(=CC(=C2)C(F)(F)F)N3C=C(N=C3)C)NC4=NC=CC(=N4)C5=CN=CC=C5
25154714,CC(C)[C@@H](C(=O)N1CCC[C@H]1C2=NC=C(N2)C3=CC=C(C=C3)C4=CC=C(C=C4)C5=CN=C(N5)[C@@H]6CCCN6C(=O)[C@H](C(C)C)NC(=O)OC)NC(=O)OC
5281,CCCCCCCCCCCCCCCCCC(=O)O
5280934,CC/C=C\C/C=C\C/C=C\CCCCCCCC(=O)O
5291,CC1=C(C=C(C=C1)NC(=O)C2=CC=C(C=C2)CN3CCN(CC3)C)NC4=NC=CC(=N4)C5=CN=CC=C5
54454,CCC(C)(C)C(=O)O[C@H]1C[C@H](C=C2[C@H]1[C@H]([C@H](C=C2)C)CC[C@@H]3C[C@H](CC(=O)O3)O)C
54686904,CC(C)(C)NCC(=O)NC1=CC(=C2C[C@H]3C[C@H]4[C@@H](C(=O)C(=C([C@]4(C(=O)C3=C(C2=C1O)O)O)O)C(=O)N)N(C)C)N(C)C
5280954,CO[C@H]1[C@@H](C[C@@H]2CN3CCC4=C([C@H]3C[C@@H]2[C@@H]1C(=O)OC)NC5=C4C=CC(=C5)OC)OC(=O)/C=C/C6=CC(=C(C(=C6)OC)OC)OC
135410875,C1=CC(=CC=C1CCC2=CNC3=C2C(=O)NC(=N3)N)C(=O)N[C@@H](CCC(=O)O)C(=O)O
5311,C1=CC=C(C=C1)NC(=O)CCCCCCC(=O)NO
13505,CCOC(=O)C1(CCN(CC1)CCC(C#N)(C2=CC=CC=C2)C3=CC=CC=C3)C4=CC=CC=C4
5314,C[N+](C)(C)CCOC(=O)CCC(=O)OCC[N+](C)(C)C
21700,CCC(=O)OCC(=O)[C@]1([C@H](C[C@@H]2[C@@]1(C[C@@H]([C@]3([C@H]2CCC4=CC(=O)C=C[C@@]43C)Cl)O)C)C)OC(=O)CC
5318,C1=CC(=CC=C1CSC(CN2C=CN=C2)C3=C(C=C(C=C3)Cl)Cl)Cl
21704,C1=NC(=C2C(=N1)N(C=N2)[C@H]3[C@H]([C@@H]([C@H](O3)CO)O)O)N
5320,CC(=O)NS(=O)(=O)C1=CC=C(C=C1)N
5322,CCN1C=CC(=NC1=O)NS(=O)(=O)C2=CC=C(C=C2)N
5323,COC1=NC(=NC(=C1)NS(=O)(=O)C2=CC=C(C=C2)N)OC
9868491,CC(C)OC(=O)CCC/C=C\C[C@H]1[C@H](C[C@H]([C@@H]1/C=C/C(COC2=CC=CC=C2)(F)F)O)O
54477,CCN1CCC[C@H]1CNC(=O)C2=C(C=CC(=C2OC)Br)OC
5325,CC1=NC(=NC=C1)NS(=O)(=O)C2=CC=C(C=C2)N
5327,CC1=CC(=NC(=N1)NS(=O)(=O)C2=CC=C(C=C2)N)C
5328,CC1=NN=C(S1)NS(=O)(=O)C2=CC=C(C=C2)N
5329,CC1=CC(=NO1)NS(=O)(=O)C2=CC=C(C=C2)N
439501,C[C@H]1[C@@H]([C@H]([C@H]([C@@H](O1)O[C@H]2C[C@H]([C@@]3([C@@H]4[C@@H](CC[C@@]3(C2)O)[C@]5(CC[C@@H]([C@]5(C[C@H]4O)C)C6=CC(=O)OC6)O)CO)O)O)O)O
13520,[Li+].[Li+].[Li+].C(C(=O)[O-])C(CC(=O)[O-])(C(=O)[O-])O
5326,COC1=CN=C(N=C1)NS(=O)(=O)C2=CC=C(C=C2)N
5333,C1=CC(=CC=C1N)S(=O)(=O)N
5280980,C1[C@@H]2N(C1=O)[C@H](/C(=C/CO)/O2)C(=O)O
38103,CC1=C(N2[C@@H]([C@@H](C2=O)NC(=O)[C@@H](C3=CCC=CC3)N)SC1)C(=O)O
5335,C1=CC=C(C=C1)N2C(=CC=N2)NS(=O)(=O)C3=CC=C(C=C3)N
5336,C1=CC=NC(=C1)NS(=O)(=O)C2=CC=C(C=C2)N
3052762,COCCCN1CCC(CC1)NC(=O)C2=CC(=C(C3=C2OCC3)N)Cl
5339,C1=CC=NC(=C1)NS(=O)(=O)C2=CC=C(C=C2)N=NC3=CC(=C(C=C3)O)C(=O)O
5340,C1=CC(=CC=C1N)S(=O)(=O)NC2=NC=CS2
5342,C1=CC=C(C=C1)N2C(=O)C(C(=O)N2C3=CC=CC=C3)CCS(=O)C4=CC=CC=C4
5344,CC1=C(ON=C1C)NS(=O)(=O)C2=CC=C(C=C2)N
135550179,C[C@H]1/C=C/C=C(\C(=O)NC2=C(C(=C3C(=C2O)C(=C(C4=C3C(=O)[C@](O4)(O/C=C/[C@@H]([C@H]([C@H]([C@@H]([C@@H]([C@@H]([C@H]1O)C)O)C)OC(=O)C)C)OC)C)C)O)O)/C=N\N5CCN(CC5)C)/C
447715,CC[C@@H]1[C@@H]2C[C@@H](CC[C@@]2([C@H]3CC[C@]4([C@H]([C@@H]3[C@@H]1O)CC[C@@H]4[C@H](C)CCC(=O)O)C)C)O
3052776,C#CCN[C@@H]1CCC2=CC=CC=C12
5355,CCN1CCCC1CNC(=O)C2=C(C=CC(=C2)S(=O)(=O)N)OC
5281004,CCCC1O[C@@H]2C[C@H]3[C@@H]4CCC5=CC(=O)C=C[C@@]5([C@H]4[C@H](C[C@@]3([C@@]2(O1)C(=O)CO)C)O)C
45110509,CC1=CN=C(C=N1)C(=O)N[C@H]2CCCCC/C=C\[C@@H]3C[C@]3(NC(=O)[C@@H]4C[C@H](CN4C2=O)OC5=NC6=CC=CC=C6C7=CC=CC=C75)C(=O)NS(=O)(=O)C8CC8
5358,CNS(=O)(=O)CC1=CC2=C(C=C1)NC=C2CCN(C)C
5359,CC(C1=CC=C(C=C1)C(=O)C2=CC=CS2)C(=O)O
29936,[Fe+3]
5356,C1CCS(=O)(=O)N(C1)C2=CC=C(C=C2)S(=O)(=O)N
137278711,C[C@H]1CN(CCN1C2=NC(=O)N(C3=NC(=C(C=C32)F)C4=C(C=CC=C4F)O)C5=C(C=CN=C5C(C)C)C)C(=O)C=C
24958200,C1C[C@H](CNC1)C2=CC=C(C=C2)N3C=C4C=CC=C(C4=N3)C(=O)N
23663870,C(CC(=O)[O-])CO.[Na+]
23672064,OP(=O)(O)[O-].[Na+]
439553,C([C@H]1[C@@H]([C@H]([C@@](O1)(CO)O)O)O)O
5379,CC1CN(CCN1)C2=C(C=C3C(=C2OC)N(C=C(C3=O)C(=O)O)C4CC4)F
259331,C[C@]12CC[C@H]3[C@H]([C@@H]1CC[C@@H]2O)CCC4=C3C=CC(=C4)OC(=O)N(CCCl)CCCl
6321411,C=CC1=C(N2[C@@H]([C@@H](C2=O)NC(=O)/C(=N/OCC(=O)O)/C3=CSC(=N3)N)SC1)C(=O)O
5381,CCOC(=O)C1=CN=C(C=C1)C#CC2=CC3=C(C=C2)SCCC3(C)C
6321413,COCC1=C(N2[C@@H]([C@@H](C2=O)NC(=O)/C(=N/OC)/C3=CSC(=N3)N)SC1)C(=O)O
5386,C1CC(OC1)N2C=C(C(=O)NC2=O)F
5281034,C[C@]12CC[C@H]3[C@H]([C@@H]1CC[C@]2(C)O)CC[C@@H]4[C@@]3(C/C(=C/O)/C(=O)C4)C
5281037,CCCCC1=NC=C(N1CC2=CC=C(C=C2)C(=O)O)/C=C(\CC3=CC=CS3)/C(=O)O
5391,CN1C2=C(C=C(C=C2)Cl)C(=NC(C1=O)O)C3=CC=CC=C3
5281040,CC(C)(C1=CC=CC=C1CC[C@H](C2=CC=CC(=C2)/C=C/C3=NC4=C(C=CC(=C4)Cl)C=C3)SCC5(CC5)CC(=O)O)O
5394,CN1C(=O)N2C=NC(=C2N=N1)C(=O)N
5281042,C[N+]1(CCC2=CC(=C(C=C2[C@H]1CC3=CC(=C(C(=C3)OC)OC)OC)OC)OC)CCCOC(=O)CC/C=C/CCC(=O)OCCC[N+]4(CCC5=CC(=C(C=C5[C@H]4CC6=CC(=C(C(=C6)OC)OC)OC)OC)OC)C
5401,COC1=C(C=C2C(=C1)C(=NC(=N2)N3CCN(CC3)C(=O)C4CCCO4)N)OC
5403,CC(C)(C)NCC(C1=CC(=CC(=C1)O)O)O
5405,CC(C)(C)C1=CC=C(C=C1)C(CCCN2CCC(CC2)C(C3=CC=CC=C3)(C4=CC=CC=C4)O)O
5411,CCCCNC1=CC=C(C=C1)C(=O)OCCN(C)C
71226662,CC#CC(=O)N1CCC[C@H]1C2=NC(=C3N2C=CN=C3N)C4=CC=C(C=C4)C(=O)NC5=CC=CC=N5
5281070,CN(C)CC[C@@H](C1=CC=C(C=C1)Cl)C2=CC=CC=N2.C(=C\C(=O)O)\C(=O)O
5281071,CN(C)CC/C=C\1/C2=CC=CC=C2COC3=C1C=C(C=C3)CC(=O)O
71587119,C([C@H]([C@H]([C@@H]([C@H](C(=O)[O-])O)O)O)O)O.C([C@H]([C@H]([C@@H]([C@H](C(=O)[O-])O)O)O)O)O.C([C@H]([C@H]([C@@H]([C@H](C(=O)[O-])O)O)O)O)O.[Cr+3]
5426,C1CC(=O)NC(=O)C1N2C(=O)C3=CC=CC=C3C2=O
5281074,CCCCC[C@@](C)(/C=C/[C@H]1[C@@H](C[C@@H]([C@@H]1C/C=C\CCCC(=O)O)O)O)O.C(C(CO)(CO)N)O
5430,C1=CC=C2C(=C1)NC(=N2)C3=CSC=N3
5281078,CC1=C2COC(=O)C2=C(C(=C1OC)C/C=C(\C)/CCC(=O)OCCN3CCOCC3)O
5281081,CCN(CC)C(=O)/C(=C/C1=CC(=C(C(=C1)O)O)[N+](=O)[O-])/C#N
54585,C1=CC(=CC=C1C(=O)NCCC(=O)O)N=NC2=CC(=C(C=C2)O)C(=O)O
5440,CCSC1=CC2=C(C=C1)SC3=CC=CC=C3N2CCCN4CCN(CC4)C
5452,CN1CCCCC1CCN2C3=CC=CC=C3SC4=C2C=C(C=C4)SC
5453,C1CN1P(=S)(N2CC2)N3CC3
6436173,C[C@H]1/C=C/C=C(\C(=O)NC2=C(C3=C(C4=C(C(=C3O)C)O[C@@](C4=O)(O/C=C/[C@@H]([C@H]([C@H]([C@@H]([C@@H]([C@@H]([C@H]1O)C)O)C)OC(=O)C)C)OC)C)C5=C2N6C=CC(=CC6=N5)C)O)/C
5281104,C[C@H](/C=C/[C@H](C)C(C)(C)O)[C@H]1CC[C@@H]\2[C@@]1(CCC/C2=C\C=C3C[C@H](C[C@@H](C3)O)O)C
5457,CN(C)CCN(CC1=CC=C(C=C1)OC)C2=NC=CC=N2
5456,CCCCCCCCCCCCCCCC[N+](C)(C)CCN(CC1=CC=C(C=C1)OC)C2=NC=CC=N2
5281107,C[C@H](/C=C/[C@H](C)C(C)C)[C@H]1CC[C@@H]\2[C@@]1(CCC/C2=C\C=C/3\C[C@H](C[C@@H](C3=C)O)O)C
3036505,C1=CC=C(C=C1)/C(=C(/C2=CC=CC=C2)\C3=CC=C(C=C3)OCCO)/CCCl
5468,CC(C1=CC=C(S1)C(=O)C2=CC=CC=C2)C(=O)O
21855,CC(C1=CC=CC=N1)C2=C(CC3=CC=CC=C32)CCN(C)C
5472,C1CN(CC2=C1SC=C2)CC3=CC=CC=C3Cl
24794466,CC(C)C[C@H](C(=O)N[C@H](CCCCN)C(=O)N1CCC(CC1)(C(=O)O)N)NC(=O)[C@@H](CC2=CC=CC=C2)NC(=O)[C@@H](CC3=CC=CC=C3)N
5479,CCS(=O)(=O)CCN1C(=NC=C1[N+](=O)[O-])C
5482,C1=CC(=C(C=C1Cl)Cl)C(CN2C=CN=C2)OCC3=C(SC=C3)Cl
5483,CC(C(=O)NCC(=O)O)S
5330286,CC1=C(C(=O)N(C2=NC(=NC=C12)NC3=NC=C(C=C3)N4CCNCC4)C5CCCC5)C(=O)C
5487,C1CN=C(N1)NC2=C(C=CC3=NSN=C32)Cl
152946,COC1=C2C(=CC(=C1N3C[C@@H]4CCCN[C@@H]4C3)F)C(=O)C(=CN2C5CC5)C(=O)O
5503,CC1=CC=C(C=C1)S(=O)(=O)NC(=O)NN2CCCCCC2
5504,C1CN=C(N1)CC2=CC=CC=C2
5505,CCCCNC(=O)NS(=O)(=O)C1=CC=C(C=C1)C
71587201,C([C@H]([C@H]([C@@H]([C@H](C(=O)[O-])O)O)O)O)O.C([C@H]([C@H]([C@@H]([C@H](C(=O)[O-])O)O)O)O)O.O.O.[Mg+2]
5509,CC1=CC=C(C=C1)C(=O)C2=CC=C(N2C)CC(=O)O
5510,CC1=CC(=CC=C1)N(C)C(=S)OC2=CC3=CC=CC=C3C=C2
1201549,CN1[C@@H]2CC[C@H]1CC(C2)OC(C3=CC=CC=C3)C4=CC=CC=C4
439693,C1[C@@H]([C@H](O[C@H]1N2C=NC3=C2NC=NC[C@H]3O)CO)O
5523,CN(C)CC1CCCCC1(C2=CC(=CC=C2)OC)O
62867,CN(C)S(=O)(=O)C1=CC2=C(C=C1)SC3=CC=CC=C3N2CCCN4CCC(CC4)CCO
5526,C1CC(CCC1CN)C(=O)O
5530,C1C(C1N)C2=CC=CC=C2
6509979,CC[C@@H]1/C=C(/C[C@@H](C[C@@H]([C@@H]2[C@H](C[C@H]([C@@](O2)(C(=O)C(=O)N3CCCC[C@H]3C(=O)O[C@@H]([C@@H]([C@H](CC1=O)O)C)/C(=C/[C@@H]4CC[C@@H]([C@@H](C4)OC)Cl)/C)O)C)OC)OC)C)\C
5533,C1CN(CCN1CCCN2C(=O)N3C=CC=CC3=N2)C4=CC(=CC=C4)Cl
54687,CC[C@H](C)C(=O)O[C@H]1C[C@@H](C=C2[C@H]1[C@H]([C@H](C=C2)C)CC[C@H](C[C@H](CC(=O)O)O)O)O
71077,C([C@H](C(=O)O)N)O
62887,C[N@@+]1(CCC2=CC(=C(C=C2[C@H]1CC3=CC(=C(C=C3)OC)OC)OC)OC)CCC(=O)OCCCCCOC(=O)CC[N@+]4(CCC5=CC(=C(C=C5[C@H]4CC6=CC(=C(C=C6)OC)OC)OC)OC)C
5546,C1=CC=C(C=C1)C2=NC3=C(N=C(N=C3N=C2N)N)N
193962,CC1=CC(=CC(=C1OC2=NC(=NC(=C2Br)N)NC3=CC=C(C=C3)C#N)C)C#N
5289394,C[C@@H]1C/C=C/C=C/[C@@H]([C@@H](C[C@@H]([C@@H]([C@H]([C@@H](CC(=O)O1)O)OC)O[C@H]2[C@@H]([C@H]([C@@H]([C@H](O2)C)O[C@H]3C[C@@]([C@H]([C@@H](O3)C)O)(C)O)N(C)C)O)CC=O)C)O[C@H]4CC[C@@H]([C@H](O4)C)N(C)C
5556,CC1=NN=C2N1C3=C(C=C(C=C3)Cl)C(=NC2)C4=CC=CC=C4Cl
5560,C1=C2C(=CC(=C1Cl)S(=O)(=O)N)S(=O)(=O)NC(N2)C(Cl)Cl
5564,C1=CC(=C(C=C1Cl)O)OC2=C(C=C(C=C2)Cl)Cl
5565,C(CNCCNCCN)N
5566,CN1CCN(CC1)CCCN2C3=CC=CC=C3SC4=C2C=C(C=C4)C(F)(F)F
5568,CN(C)CCCN1C2=CC=CC=C2SC3=C1C=C(C=C3)C(F)(F)F
5572,C1CCC(CC1)C(CCN2CCCCC2)(C3=CC=CC=C3)O
5573,CCC(COC(=O)C1=CC(=C(C(=C1)OC)OC)OC)(C2=CC=CC=C2)N(C)C
5574,CC(CN1C2=CC=CC=C2SC3=CC=CC=C31)CN(C)C
5576,CC1(C(=O)N(C(=O)O1)C)C
13769,C[C@]12CC[C@H]3[C@H]([C@@H]1CCC(=O)O2)CCC4=CC(=O)C=C[C@]34C
5578,COC1=CC(=CC(=C1OC)OC)CC2=CN=C(N=C2N)N
5583,CC1=C(C=CC2=C1C(=NC(=N2)N)N)CNC3=CC(=C(C(=C3)OC)OC)OC
5584,CC(CN1C2=CC=CC=C2CCC3=CC=CC=C31)CN(C)C
62930,CC[C@]12CC[C@H]3[C@H]([C@@H]1CC[C@]2(C#C)O)CCC4=CC(=NO)CC[C@H]34
5587,CN(C)CCN(CC1=CC=CC=C1)C2=CC=CC=N2
2733526,CC/C(=C(\C1=CC=CC=C1)/C2=CC=C(C=C2)OCCN(C)C)/C3=CC=CC=C3
5591,CC1=C(C2=C(CCC(O2)(C)COC3=CC=C(C=C3)CC4C(=O)NC(=O)S4)C(=C1O)C)C
5593,CCN(CC1=CC=NC=C1)C(=O)C(CO)C2=CC=CC=C2
54746,CCNC(=O)N(CCCN(C)C)C(=O)[C@@H]1C[C@H]2[C@@H](CC3=CNC4=CC=CC2=C34)N(C1)CC=C
5281243,CC1=C(C(C[C@@H](C1)O)(C)C)/C=C/C(=C/C=C/C(=C/C=C/C=C(\C)/C=C/C=C(\C)/C=C/[C@H]2C(=C[C@@H](CC2(C)C)O)C)/C)/C
13791,CCCCC(=O)O[C@H]1CC[C@@H]2[C@@]1(CC[C@H]3[C@H]2CCC4=C3C=CC(=C4)O)C
5611,CCCC(=O)NC1=C(C=C(C(=C1I)CC(CC)C(=O)O)I)I
636398,CCCC(=O)O[C@@]1(CC[C@@H]2[C@@]1(C[C@@H]([C@H]3[C@H]2CCC4=CC(=O)CC[C@]34C)O)C)C(=O)COC(=O)CC
62959,C1[C@@H]2[C@@H](C2N)CN1C3=C(C=C4C(=O)C(=CN(C4=N3)C5=C(C=C(C=C5)F)F)C(=O)O)F
51049968,C1C[C@H](C2=C(C=CC=N2)[C@H]([C@@H]1C3=C(C(=CC=C3)F)F)N)OC(=O)N4CCC(CC4)N5C6=C(NC5=O)N=CC=C6
202225,C[C@@H]1C[C@@H]([C@H]([C@@H](O1)O[C@H]2[C@H](C[C@@]3(CO3)C(=O)[C@@H]([C@H]([C@H]([C@H](OC(=O)[C@@H]([C@H]([C@@H]2C)O[C@H]4C[C@@H]([C@H]([C@@H](O4)C)OC(=O)C)OC)C)C)C)OC(=O)C)C)C)OC(=O)C)N(C)C
636405,CC1=CC(=O)C(=CN1)C(=O)N[C@H](C2=CC=C(C=C2)O)C(=O)N[C@H]3[C@@H]4N(C3=O)C(=C(CS4)CSC5=NN=NN5C)C(=O)O
71158,CC(=O)NCCCS(=O)(=O)O
5625,CC(C)NC1=C(N=CC=C1)N2CCN(CC2)C(=O)C3=CC4=C(N3)C=CC(=C4)NS(=O)(=O)C
19371515,CN1CCC(=C2C3=CC=CC=C3CCN4C2=NC=C4C=O)CC1
456199,C1[C@@H](COC2=NC(=CN21)[N+](=O)[O-])OCC3=CC=C(C=C3)OC(F)(F)F
5641,CCOC(=O)N
71188,CCN1CCN(CC1)C2=C(C=C3C(=C2)N(C=C(C3=O)C(=O)O)C4CC4)F
5656,CN(C)CC(C1=CC=C(C=C1)OC)C2(CCCCC2)O
67171867,C[C@@H](CN1C=CC(=N1)C2=CC(=C(C=C2)C#N)Cl)NC(=O)C3=NNC(=C3)C(C)O
5665,C=CC(CCC(=O)O)N
5666,CCOC1=CC=CC=C1OCC2CNCCO2
54841,CC1=CC=CC=C1O[C@H](CCNC)C2=CC=CC=C2
169535,CC1=C(C(=O)C=CO1)[O-].CC1=C(C(=O)C=CO1)[O-].CC1=C(C(=O)C=CO1)[O-].[Fe+3]
456255,CN1C(=NN=N1)SCC2=C(N3[C@@H]([C@@H](C3=O)NC(=O)[C@@H](C4=CC=CC=C4)O)SC2)C(=O)O
5709,CC1=CC(=CC(=C1CC2=NCCN2)C)C(C)(C)C
11949646,C1COC[C@H]1OC2=CC=C(C=C2)CC3=C(C=CC(=C3)[C@H]4[C@@H]([C@H]([C@@H]([C@H](O4)CO)O)O)O)Cl
16004692,CCCNS(=O)(=O)NC1=C(C(=NC=N1)OCCOC2=NC=C(C=N2)Br)C3=CC=C(C=C3)Br
5717,CC1=CC=CC=C1S(=O)(=O)NC(=O)C2=CC(=C(C=C2)CC3=CN(C4=C3C=C(C=C4)NC(=O)OC5CCCC5)C)OC
5719,CCN(C1=CC=CC(=C1)C2=CC=NC3=C(C=NN23)C#N)C(=O)C
46216796,C1CCN(C1)CCOC2=C3COC/C=C/COCC4=CC(=CC=C4)C5=NC(=NC=C5)NC(=C3)C=C2
5732,CC1=CC=C(C=C1)C2=C(N3C=C(C=CC3=N2)C)CC(=O)N(C)C
5734,C1=CC=C2C(=C1)C(=NO2)CS(=O)(=O)N
5735,CN1CCN(CC1)C(=O)OC2C3=NC=CN=C3C(=O)N2C4=NC=C(C=C4)Cl
5736,CN(C)CCOC1=CC2=CC=CC=C2SC3=C1C=C(C=C3)Cl
9852519,C1CCC(CC1)N2CCN(CC2)C3=C(N=C(S3)NC(=O)C4=CC(=C(N=C4)N5CCC(CC5)C(=O)O)Cl)C6=CC(=CS6)Cl
54892,CCOC(=O)[C@H](CCC1=CC=CC=C1)N[C@@H](C)C(=O)N2CC3=CC=CC=C3C[C@H]2C(=O)O
5743,C[C@@H]1C[C@H]2[C@@H]3CCC4=CC(=O)C=C[C@@]4([C@]3([C@H](C[C@@]2([C@]1(C(=O)CO)O)C)O)F)C
5744,CC(=O)OCC(=O)[C@]1(CC[C@@H]2[C@@]1(C[C@@H]([C@H]3[C@H]2CCC4=CC(=O)CC[C@]34C)O)C)O
5745,CC(=O)OCC(=O)[C@]1(CC[C@@H]2[C@@]1(CC(=O)[C@H]3[C@H]2CCC4=CC(=O)CC[C@]34C)C)O
5746,CC1=C(C(=O)C2=C(C1=O)N3C[C@H]4[C@@H]([C@@]3([C@@H]2COC(=O)N)OC)N4)N
30323,C[C@H]1[C@H]([C@H](C[C@@H](O1)O[C@H]2C[C@@](CC3=C2C(=C4C(=C3O)C(=O)C5=C(C4=O)C(=CC=C5)OC)O)(C(=O)C)O)N)O
5749,CC[N+](C)(CC)CCOC(=O)C(C1CCCCC1)(C2=CC=CC=C2)O
38521,C1CCC2(CC1)OCC(O2)CN=C(N)N
5754,C[C@]12CCC(=O)C=C1CC[C@@H]3[C@@H]2[C@H](C[C@]4([C@H]3CC[C@@]4(C(=O)CO)O)C)O
5755,C[C@]12C[C@@H]([C@H]3[C@H]([C@@H]1CC[C@@]2(C(=O)CO)O)CCC4=CC(=O)C=C[C@]34C)O
5756,C[C@]12CC[C@H]3[C@H]([C@@H]1C[C@H]([C@@H]2O)O)CCC4=C3C=CC(=C4)O
5757,C[C@]12CC[C@H]3[C@H]([C@@H]1CC[C@@H]2O)CCC4=C3C=CC(=C4)O
71301,C1CC2=C(C=CC(=C2)F)OC1C(CNCC(C3CCC4=C(O3)C=CC(=C4)F)O)O
5281417,C1=CC(=O)OC2=CC(=C(C=C21)O[C@H]3[C@@H]([C@H]([C@@H]([C@H](O3)CO)O)O)O)O
10311306,C[C@H](C1=CC(=CC(=C1)C(F)(F)F)C(F)(F)F)OC[C@]2(CC[C@]3(CCC(=O)N3)CN2)C4=CC=CC=C4
5770,CO[C@H]1[C@@H](C[C@@H]2CN3CCC4=C([C@H]3C[C@@H]2[C@@H]1C(=O)OC)NC5=C4C=CC(=C5)OC)OC(=O)C6=CC(=C(C(=C6)OC)OC)OC
5775,CC1=CC=C(C=C1)N(CC2=NCCN2)C3=CC(=CC=C3)O
9909912,C1=CC(=CN=C1)C(=O)[O-].C1=CC(=CN=C1)C(=O)[O-].C1=CC(=CN=C1)C(=O)[O-].[Cr+3]
5790,C1[C@@H]([C@H](O[C@H]1N2C=C(C(=O)NC2=O)F)CO)O
54671008,CC1=NN=C(O1)C(=O)NC(C)(C)C2=NC(=C(C(=O)N2C)O)C(=O)NCC3=CC=C(C=C3)F
71329,CN(CCC1=CC=C(C=C1)NS(=O)(=O)C)CCOC2=CC=C(C=C2)NS(=O)(=O)C
145068,[N]=O
71349,CC(C)C1C(=O)NC(CSSCC(C(=O)NC(C(=O)NC(C(=O)NC(C(=O)N1)CCCCN)CC2=CNC3=CC=CC=C32)CC4=CC=C(C=C4)O)NC(=O)C(CC5=CC6=CC=CC=C6C=C5)N)C(=O)NC(C(C)O)C(=O)N
5816,CNC[C@@H](C1=CC(=C(C=C1)O)O)O
480953,CC(C)N1CCN(CC1)C2=CC=C(C=C2)OC[C@@H]3CO[C@@](O3)(CN4C=NC=N4)C5=C(C=C(C=C5)Cl)Cl
54679224,C1=C(C(=CNC1=O)Cl)O
5819,C1=C(C=C(C(=C1I)OC2=CC(=C(C(=C2)I)O)I)I)C[C@@H](C(=O)O)N
24942268,O.O.[Ti]
71360,CC(=O)C1=CC(=C(C=C1)OCCCN2CCC(CC2)C3=NOC4=C3C=CC(=C4)F)OC
25171648,CN1CCC(CC1)COC2=CN=C(N=C2)C3=CC=CC(=C3)CN4C(=O)C=CC(=N4)C5=CC=CC(=C5)C#N
5826,C[C@@H](CC1=CC=CC=C1)N
169664,[Cl-].[Cl-].[Cu+2]
71661251,CC(C)[C@@H](C(=O)N1CCC[C@H]1C2=NC=C(N2)C3=CC4=C(C=C3)N5[C@@H](OC6=C(C5=C4)C=CC(=C6)C7=CN=C(N7)[C@@H]8CCCN8C(=O)[C@H](C(C)C)NC(=O)OC)C9=CC=CC=C9)NC(=O)OC
456390,C1C[C@@H]([C@H](NC1)CC(=O)CN2C=NC3=CC(=C(C=C3C2=O)Cl)Br)O
5833,CC(=O)S[C@@H]1CC2=CC(=O)CC[C@@]2([C@@H]3[C@@H]1[C@@H]4CC[C@]5([C@]4(CC3)C)CCC(=O)O5)C
5834,CC(=O)OCC(=O)[C@]1(CC[C@@H]2[C@@]1(C[C@@H]([C@H]3[C@H]2CCC4=CC(=O)C=C[C@]34C)O)C)O
11286230,C[C@H]1/C=C/C=C/CC/C=C/C=C/C=C/C=C/[C@@H](C[C@H]2[C@@H]([C@H](C[C@](O2)(C[C@H]([C@@H](CC[C@H](C[C@H](C[C@H](CC(=O)O[C@H]([C@@H]([C@@H]1O)C)C)O)O)O)O)O)O)O)C(=O)O)O[C@H]3[C@H]([C@H]([C@@H]([C@H](O3)C)O)N)O
71384,C[C@@H](CN1CC(=O)NC(=O)C1)N2CC(=O)NC(=O)C2
5850,C[N+]1(CCCC1)CCCCC[N+]2(CCCC2)C
71387,C[C@H]1C[C@H]2[C@@H]3CCC4=CC(=O)C=C[C@@]4([C@]3(C(=O)C[C@@]2([C@]1(C(=O)CCl)O)C)F)C
5852,CC(C)([C@H](C(=O)O)N)S
489181,C[C@H]([C@](CN1C=NC=N1)(C2=C(C=C(C=C2)F)F)O)N3CCC(=C)CC3
5857,C[C@]12CC[C@H]3[C@H]([C@@H]1CC[C@]2(C#C)O)CCC4=CCCC[C@H]34
14052,CC[C@@H](CO)NCCN[C@@H](CC)CO
71398,C[C@H](CC1=CC(=C(C=C1)O)O)[C@@H](C)CC2=CC(=C(C=C2)O)O
5862,C([C@@H](C(=O)O)N)S
124081896,COC(=O)OCOC1=C2C(=O)N3CCOC[C@H]3N(N2C=CC1=O)[C@H]4C5=C(CSC6=CC=CC=C46)C(=C(C=C5)F)F
5865,C[C@]12CC(=O)[C@H]3[C@H]([C@@H]1CC[C@@]2(C(=O)CO)O)CCC4=CC(=O)C=C[C@]34C
5870,C[C@]12CC[C@H]3[C@H]([C@@H]1CCC2=O)CCC4=C3C=CC(=C4)O
5876,C[C@]12C[C@@H]([C@H]3[C@H]([C@@H]1CC[C@@]2(C(=O)CO)O)C[C@@H](C4=CC(=O)C=C[C@]34C)F)O
251636,C[C@@H]1CC2=CC(=O)CC[C@@H]2[C@@H]3[C@@H]1[C@@H]4CC[C@]([C@]4(CC3)C)(C)O
5878,C[C@]12CC[C@H]3[C@H]([C@@H]1CC[C@]2(C)O)CC[C@@H]4[C@@]3(COC(=O)C4)C
10909430,CC[C@H](C)[C@H]1C(=O)N[C@@H](C(=O)N[C@H](C(=O)N[C@@H](C(=O)N[C@H](C(=O)NCCCC[C@@H](C(=O)N[C@@H](C(=O)N1)CCCN)NC(=O)[C@H]([C@@H](C)CC)NC(=O)[C@@H](CCC(=O)O)NC(=O)[C@H](CC(C)C)NC(=O)[C@@H]2CSC(=N2)[C@H]([C@@H](C)CC)N)CC(=O)N)CC(=O)O)CC3=CN=CN3)CC4=CC=CC=C4
71415,C[C@H]1C[C@H]2[C@@H]3C[C@@H](C4=CC(=O)C=C[C@@]4([C@]3([C@H](C[C@@]2([C@]1(C(=O)CO)O)C)O)F)C)F
5881,C[C@]12CC[C@H]3[C@H]([C@@H]1CCC2=O)CC=C4[C@@]3(CC[C@@H](C4)O)C
9811704,C[C@@H]1[C@H]([C@@H]([C@H]([C@H](O1)O[C@@H]2[C@H](O[C@@H]([C@@H]([C@H]2O)O)O[C@H]([C@@H](CO)O)[C@@H]([C@H](C=O)O)O)CO)O)O)N[C@H]3C=C([C@H]([C@@H]([C@H]3O)O)O)CO
71481097,C1=CN=C(C=N1)NNC(=O)/C=C\N2C=NC(=N2)C3=CC(=CC(=C3)C(F)(F)F)C(F)(F)F
5904,CC1([C@@H](N2[C@H](S1)[C@@H](C2=O)NC(=O)CC3=CC=CC=C3)C(=O)O)C
5906,C[C@@H]([C@@H](C1=CC(=CC=C1)O)O)N
5910,CC[C@H]1[C@H](COC1=O)CC2=CN=CN2C
30487,C[C@H]1[C@@H](OCCN1C)C2=CC=CC=C2
22297,CC(CCC=C(C)C)NC
5918,C1=CN=CC(=C1N)N
5920,C1=CC(=C(C=C1OC2=C(C=C(C=C2I)C[C@@H](C(=O)O)N)I)I)O
5936,CC(C)OP(=O)(OC(C)C)F
101603127,COC([CH2])CN=C(N)[O-].Cl.[Hg+]
5944,C[C@@]12[C@H]3CC[C@@H]([C@@]1(C(=O)OC2=O)C)O3
134821691,[2H]C([2H])([2H])NC(=O)C1=NN=C(C=C1NC2=CC=CC(=C2OC)C3=NN(C=N3)C)NC(=O)C4CC4
5952,CC(=O)OCC(=O)[C@H]1CC[C@@H]2[C@@]1(CC[C@H]3[C@H]2CCC4=CC(=O)CC[C@]34C)C
5959,C1=CC(=CC=C1[C@H]([C@@H](CO)NC(=O)C(Cl)Cl)O)[N+](=O)[O-]
5960,C([C@@H](C(=O)O)N)C(=O)O
5961,C(CC(=O)N)[C@@H](C(=O)O)N
5962,C(CCN)C[C@@H](C(=O)O)N
5281613,C[C@H]1[C@@H]([C@H]([C@H]([C@@H](O1)OC[C@@H]2[C@H]([C@@H]([C@H]([C@@H](O2)OC3=CC(=C4C(=C3)OC(=CC4=O)C5=CC(=C(C=C5)OC)O)O)O)O)O)O)O)O
5966,CN(CCCCCCCCCCN(C)C(=O)OC1=CC=CC(=C1)[N+](C)(C)C)C(=O)OC2=CC=CC(=C2)[N+](C)(C)C
5977,CC(C)(C(Cl)(Cl)Cl)O
89683805,CC(C)(CNC1=NC(=NC(=N1)C2=NC(=CC=C2)C(F)(F)F)NC3=CC(=NC=C3)C(F)(F)F)O
5983,C[C@@]12CCN([C@@H]1N(C3=C2C=C(C=C3)OC(=O)NC)C)C
54671203,C[C@@H]1[C@H]2[C@@H]([C@H]3[C@@H](C(=O)C(=C([C@]3(C(=O)C2=C(C4=C1C=CC=C4O)O)O)O)C(=O)N)N(C)C)O
5988,C([C@@H]1[C@H]([C@@H]([C@H]([C@H](O1)O[C@]2([C@H]([C@@H]([C@H](O2)CO)O)O)CO)O)O)O)O
5991,C[C@]12CC[C@H]3[C@H]([C@@H]1CC[C@]2(C#C)O)CCC4=C3C=CC(=C4)O
11556711,CC(C)C[C@@H](C(=O)[C@]1(CO1)C)NC(=O)[C@H](CC2=CC=CC=C2)NC(=O)[C@H](CC(C)C)NC(=O)[C@H](CCC3=CC=CC=C3)NC(=O)CN4CCOCC4
5994,CC(=O)[C@H]1CC[C@@H]2[C@@]1(CC[C@H]3[C@H]2CCC4=CC(=O)CC[C@]34C)C
5995,CCC(=O)O[C@H]1CC[C@@H]2[C@@]1(CC[C@H]3[C@H]2CCC4=CC(=O)CC[C@]34C)C
5997,C[C@H](CCCC(C)C)[C@H]1CC[C@@H]2[C@@]1(CC[C@H]3[C@H]2CC=C4[C@@]3(CC[C@@H](C4)O)C)C
45266800,CC1([C@@H](N[C@H](S1)C(C(=O)NCCCC[C@H](C(=O)O)N)NC(=O)CC2=CC=CC=C2)C(=O)O)C.C(CCN)C[C@H](C(=O)O)N
6000,CN1CCC2=CC(=C3C=C2[C@@H]1CC4=CC=C(C=C4)OC5=C6[C@@H](CC7=CC(=C(C=C7)O)O3)[N+](CCC6=CC(=C5O)OC)(C)C)OC
6005,CN1CCC2=C3[C@H]1CC4=C(C3=CC=C2)C(=C(C=C4)O)O
52950901,C1=CC(=NC=C1C(=O)NCCCC[C@@H](C(=O)O)NC(=O)N[C@@H](CCC(=O)O)C(=O)O)[18F]
6009,CC1=C(C(=O)N(N1C)C2=CC=CC=C2)N(C)C
6010,C[C@]12CCC(=O)C=C1CC[C@@H]3[C@@H]2CC[C@]4([C@H]3CC[C@]4(C)O)C
9811834,CCOC(=O)[C@H](C)C[C@@H](CC1=CC=C(C=C1)C2=CC=CC=C2)NC(=O)CCC(=O)O
6013,C[C@]12CC[C@H]3[C@H]([C@@H]1CC[C@@H]2O)CCC4=CC(=O)CC[C@]34C
11597698,C[C@@H](CC1=CC=CC=C1)NC(=O)[C@H](CCCCN)N
6018,CC(C)CC1CN2CCC3=CC(=C(C=C3C2CC1=O)OC)OC
24860548,CC[C@@H]1[C@H](/C=C(/C=C/C(=O)[C@@H](C[C@@H]([C@@H]([C@H]([C@@H](CC(=O)O1)O)C)O[C@H]2[C@@H]([C@H]([C@@H]([C@H](O2)C)O)N(C)C)O)CCN3CCCCC3)C)\C)CN4CCCCC4
6024,CC(=O)OCC1=C(N2[C@@H]([C@@H](C2=O)NC(=O)CC3=CC=CS3)SC1)C(=O)O
169870,CCCCCC(=O)O[C@@]1(CC[C@@H]2[C@@]1(CC[C@H]3[C@H]2CCC4=CC(=O)CC[C@]34C)C)C(=O)C
219024,CNC(=O)C1=CN(N=C1)C2=NC(=C3C(=N2)N(C=N3)[C@H]4[C@@H]([C@@H]([C@H](O4)CO)O)O)N
6032,C1[C@H]([C@@H]([C@H]([C@@H]([C@H]1N)O[C@@H]2[C@@H]([C@H]([C@@H]([C@H](O2)CN)O)O)O)O)O[C@@H]3[C@@H]([C@H]([C@@H]([C@H](O3)CO)O)N)O)N
22419,C1=CC(=C(C=C1N=NC2=CC(=C(C=C2)O)C(=O)O)C(=O)O)O
6041,CNC[C@@H](C1=CC(=CC=C1)O)O
6047,C1=CC(=C(C=C1C[C@@H](C(=O)O)N)O)O
6049,C(CN(CC(=O)O)CC(=O)O)N(CC(=O)O)CC(=O)O
11876263,C[C@]12CC[C@H]3[C@H]([C@@H]1CC[C@@H]2C(=O)COC(=O)C(C)(C)C)CCC4=CC(=O)CC[C@]34C
6057,C1=CC(=CC=C1C[C@@H](C(=O)O)N)O
6058,C(CS)N
11671467,CC1(C(=O)N(C2=C(O1)C=CC(=N2)NC3=NC(=NC=C3F)NC4=CC(=C(C(=C4)OC)OC)OC)COP(=O)(O)O)C
11319217,CC1=NN(C=N1)C2=NC=C(C3=C2N(C=C3C(=O)C(=O)N4CCN(CC4)C(=O)C5=CC=CC=C5)COP(=O)(O)O)OC
5281718,C1=CC(=CC=C1/C=C/C2=CC(=CC(=C2)O[C@H]3[C@@H]([C@H]([C@@H]([C@H](O3)CO)O)O)O)O)O
24795069,CC(C)C[C@@H]1CN2CCC3=CC(=C(C=C3[C@H]2C[C@H]1OC(=O)[C@H](C(C)C)N)OC)OC
6077,CC(=O)C1=CC2=C(C=C1)SC3=CC=CC=C3N2CCCN(C)C
71616,C[C@@H](C1=NC=NC=C1F)[C@](CN2C=NC=N2)(C3=C(C=C(C=C3)F)F)O
6082,CC(C(C1=C(C=CC(=C1)OC)OC)O)N
6083,C1=NC(=C2C(=N1)N(C=N2)[C@H]3[C@@H]([C@@H]([C@H](O3)COP(=O)(O)O)O)O)N
38853,C[C@](CC1=CC(=C(C=C1)O)O)(C(=O)O)N
219078,CC(=O)N[C@H](COC)C(=O)NCC1=CC=CC=C1
6087,CC1([C@@H](N2[C@H](S1)[C@@H](C2=O)NC(=O)C3=C(C=CC=C3OC)OC)C(=O)O)C
30668,CC(C1=NCCN1)OC2=C(C=CC=C2Cl)Cl
55245,CC#C[C@@]1(CC[C@@H]2[C@@]1(C[C@@H](C3=C4CCC(=O)C=C4CC[C@@H]23)C5=CC=C(C=C5)N(C)C)C)O
6098,CC1=C(C(=NO1)C2=CC=CC=C2Cl)C(=O)N[C@H]3[C@@H]4N(C3=O)[C@H](C(S4)(C)C)C(=O)O
6099,CN(C)C1=CC2=C(C=C1)N=C3C=CC(=[N+](C)C)C=C3S2.[Cl-]
6112,C1CSS[C@@H]1CCCCC(=O)O
6127,C[N+]1(CCC(=C(C2=CC=CC=C2)C3=CC=CC=C3)CC1)C
55283,CCC(C)N1C(=O)N(C=N1)C2=CC=C(C=C2)N3CCN(CC3)C4=CC=C(C=C4)OC[C@H]5CO[C@](O5)(CN6C=NC=N6)C7=C(C=C(C=C7)Cl)Cl
6137,CSCC[C@@H](C(=O)O)N
6140,C1=CC=C(C=C1)C[C@@H](C(=O)O)N
10295295,CC1(CCC(C2=C1C=C(C(=C2)/C=C/C3=CC=C(C=C3)C(=O)O)CN4C=CC=N4)(C)C)C
16119814,CC[C@H](C)C[C@H](C)CCCCCCCCC(=O)N[C@H]1C[C@H]([C@H](NC(=O)[C@@H]2[C@H](CCN2C(=O)[C@@H](NC(=O)[C@@H](NC(=O)[C@@H]3C[C@H](CN3C(=O)[C@@H](NC1=O)[C@@H](C)O)O)[C@@H]([C@H](C4=CC=C(C=C4)O)O)O)[C@@H](CCN)O)O)NCCN)O
6167,CC(=O)N[C@H]1CCC2=CC(=C(C(=C2C3=CC=C(C(=O)C=C13)OC)OC)OC)OC
448537,CC/C(=C(/CC)\C1=CC=C(C=C1)O)/C2=CC=C(C=C2)O
6172,CC[N+](CC)(CC)CCOC1=C(C(=CC=C1)OCC[N+](CC)(CC)CC)OCC[N+](CC)(CC)CC.[I-].[I-].[I-]
38945,CC1=C(C(=CC=C1)C)NC(=O)C(C)N
6445091,C[C@H]1CC[C@]2(C[C@@H]3C[C@H](O2)C/C=C(/[C@H]([C@H](/C=C/C=C/4\CO[C@H]\5[C@@]4([C@@H](C=C(/C5=N\O)C)C(=O)O3)O)C)O[C@H]6C[C@@H]([C@H]([C@@H](O6)C)O)OC)\C)O[C@@H]1C7CCCCC7
134436906,CC(C)(COC1=CN2C(=C(C=N2)C#N)C(=C1)C3=CN=C(C=C3)N4CC5CC(C4)N5CC6=CN=C(C=C6)OC)O
22571,CCCCC(CC)COC(=O)C(=C(C1=CC=CC=C1)C2=CC=CC=C2)C#N
6196,CC1=C(C(=NO1)C2=CC=CC=C2)C(=O)N[C@H]3[C@@H]4N(C3=O)[C@H](C(S4)(C)C)C(=O)O
3086401,CCCN1C[C@H](C[C@H]2[C@H]1CC3=C(C2)C(=CC=C3)O)NS(=O)(=O)N(CC)CC
6215,C[C@]12C[C@@H]([C@]3([C@H]([C@@H]1C[C@@H]4[C@]2(OC(O4)(C)C)C(=O)CO)C[C@@H](C5=CC(=O)C=C[C@@]53C)F)F)O
6224,C(C(=O)[O-])C(CC(=O)[O-])(C(=O)[O-])O.[Na+].[Na+].[Na+]
6230,C[C@]12CC[C@H]3[C@H]([C@@H]1CC[C@]2(C#C)O)CCC4=CC(=O)CC[C@H]34
6231,C[C@]12CC[C@H]3[C@H]([C@@H]1CC[C@]2(C#C)O)CCC4=C3CCC(=O)C4
5281881,C1CN(CCN1CC/C=C\2/C3=CC=CC=C3SC4=C2C=C(C=C4)C(F)(F)F)CCO
11950170,CC(C)NC(=O)COC1=CC=CC(=C1)C2=NC3=CC=CC=C3C(=N2)NC4=CC5=C(C=C4)NN=C5
71771,C1=CC=C(C(=C1)CC(=O)OCC(=O)O)NC2=C(C=CC=C2Cl)Cl
6234,C1[C@H](C(=O)NO1)N
90478690,C(C(=O)[O-])C(CC(=O)[O-])(C(=O)[O-])[O-].C(C(=O)[O-])C(CC(=O)[O-])(C(=O)[O-])[O-].C(C(=O)[O-])C(CC(=O)[O-])(C(=O)[O-])[O-].O.O.O.O.O.O.O.O.O.O.[Fe+3].[Fe+3].[Fe+3].[Fe+3]
6249,CC1([C@@H](N2[C@H](S1)[C@@H](C2=O)NC(=O)[C@@H](C3=CC=CC=C3)N)C(=O)O)C
89921642,CC[C@@H]1[C@@H]2CN([C@@H]1C(=O)N[C@@]3(C[C@H]3C(F)F)C(=O)NS(=O)(=O)C4(CC4)C)C(=O)[C@@H](NC(=O)O[C@@H]5C[C@H]5CCCCC(C6=NC7=C(C=C(C=C7)OC)N=C6O2)(F)F)C(C)(C)C
6253,C1=CN(C(=O)N=C1N)[C@H]2[C@H]([C@@H]([C@H](O2)CO)O)O
6256,C1[C@@H]([C@H](O[C@H]1N2C=C(C(=O)NC2=O)C(F)(F)F)CO)O
71587953,CN1C[C@H](C2=C(C1)C(=CC(=C2)Cl)Cl)C3=CC(=CC=C3)S(=O)(=O)NCCOCCOCCNC(=O)NCCCCNC(=O)NCCOCCOCCNS(=O)(=O)C4=CC=CC(=C4)[C@@H]5CN(CC6=C5C=C(C=C6Cl)Cl)C
6262,C(C[C@@H](C(=O)O)N)CN
5281915,CC1=C(C(=O)C(=C(C1=O)OC)OC)C/C=C(\C)/CC/C=C(\C)/CC/C=C(\C)/CC/C=C(\C)/CC/C=C(\C)/CC/C=C(\C)/CC/C=C(\C)/CC/C=C(\C)/CC/C=C(\C)/CCC=C(C)C
6267,C([C@@H](C(=O)O)N)C(=O)N
9853053,C1CN(CCC1NC(=O)C2=CC=CC=C2C3=CC=C(C=C3)C(F)(F)F)CCCCC4(C5=CC=CC=C5C6=CC=CC=C64)C(=O)NCC(F)(F)F
135403648,C1C(N(C2=C(N1)N=C(NC2=O)N)C=O)CNC3=CC=C(C=C3)C(=O)N[C@@H](CCC(=O)O)C(=O)O
39042,CC(C)(C(=O)O)OC1=CC=C(C=C1)CCNC(=O)C2=CC=C(C=C2)Cl
6279,C[C@H]1C[C@@H]2[C@H](CC[C@]3([C@H]2CC[C@@]3(C(=O)C)OC(=O)C)C)[C@@]4(C1=CC(=O)CC4)C
9926791,C[C@@H]1CCN(C[C@@H]1N(C)C2=NC=NC3=C2C=CN3)C(=O)CC#N
71815,CC1=NC=C(N1CC(C)O)[N+](=O)[O-]
44603531,CC(C)(C)[C@H]1C(=O)N2C[C@@H](C[C@H]2C(=O)N[C@@]3(C[C@H]3C=C)C(=O)NS(=O)(=O)C4CC4)OC5=NC6=C(C=CC(=C6)OC)N=C5CCCCC[C@@H]7C[C@H]7OC(=O)N1
6287,CC(C)[C@@H](C(=O)O)N
6288,C[C@H]([C@@H](C(=O)O)N)O
6291,C[C@]12CC[C@H]3[C@H]([C@@H]1CC[C@]2(C#C)O)CCC4=C3C=CC(=C4)OC
6305,C1=CC=C2C(=C1)C(=CN2)C[C@@H](C(=O)O)N
6307,CCC1NC2=CC(=C(C=C2C(=O)N1)S(=O)(=O)N)Cl
129211,CCOC1=CC=CC=C1OCCN[C@H](C)CC2=CC(=C(C=C2)OC)S(=O)(=O)N
11753673,CN(CCN1CCC(CC1)OC(=O)NC2=CC=CC=C2C3=CC=CC=C3)C(=O)C4=CC=C(C=C4)CN5CCC(CC5)C(=O)N
129228,C1=CC(=C(C(=C1)F)CN2C=C(N=N2)C(=O)N)F
47320,C[N+]1(CCC2=CC(=C(C=C2C1CC3=CC(=C(C=C3)OC)OC)OC)OC)CCC(=O)OCCCCCOC(=O)CC[N+]4(CCC5=CC(=C(C=C5C4CC6=CC(=C(C=C6)OC)OC)OC)OC)C.C1=CC=C(C=C1)S(=O)(=O)[O-].C1=CC=C(C=C1)S(=O)(=O)[O-]
30951,C=CCOC1=C(C=C(C=C1)CC(=O)O)Cl
39147,CC(C)(C)NCC(COC1=CC=CC2=C1C[C@@H]([C@@H](C2)O)O)O
11450633,CN1C(=O)C=C(N(C1=O)CC2=CC=CC=C2C#N)N3CCC[C@H](C3)N
39186,CC(=O)O[C@@H]1[C@@H](SC2=CC=CC=C2N(C1=O)CCN(C)C)C3=CC=C(C=C3)OC
1349907,CN1C=CNC1=S
131668252,C(CN(CC(=O)O)CC(=O)O)N(CCN(CC(=O)[O-])CC(=O)[O-])CC(=O)[O-].[Gd+3]
104741,C[C@]12CC[C@H]3[C@H]([C@@H]1CC[C@@H]2O)[C@@H](CC4=C3C=CC(=C4)O)CCCCCCCCCS(=O)CCCC(C(F)(F)F)(F)F
104747,C1CC(OC1)N2C=C(C(=O)NC2=O)F.C1=CNC(=O)NC1=O
6446,C[C@]12CCC(=O)C=C1CC[C@@H]3[C@@]2([C@H](C[C@]4([C@H]3CC[C@]4(C)O)C)O)F
49846579,CC1(CCC(=C(C1)C2=CC=C(C=C2)Cl)CN3CCN(CC3)C4=CC(=C(C=C4)C(=O)NS(=O)(=O)C5=CC(=C(C=C5)NCC6CCOCC6)[N+](=O)[O-])OC7=CN=C8C(=C7)C=CN8)C
5462328,CC(=O)O[C@H]1C=C[C@H]2[C@H]3CC4=C5[C@]2([C@H]1OC5=C(C=C4)OC(=O)C)CCN3C
44472635,C1C[C@@H](N[C@@H]1CC2=CC=C(C=C2)NC(=O)[C@@H]3CCC4=NC=CC(=O)N34)[C@@H](C5=CC=CC=C5)O
6473,CCCCC1(C(=O)NC(=O)NC1=O)CC
6476,CC1(CC(=O)N(C1=O)C)C2=CC=CC=C2
3086674,COC(=O)[C@@H]1[C@H]2CC[C@H](N2CCCF)C[C@@H]1C3=CC=C(C=C3)[123I]
14677,CN1CCC(C1)CN2C3=CC=CC=C3SC4=CC=CC=C42
31072,CCOC(=O)N1C=CN(C1=S)C
104805,O.O.OP(=O)([O-])[O-].[Ca+2]
6503,C(C(CO)(CO)N)O
285033,CC(C)(CCC[C@@](CC(=O)OC)(C(=O)O[C@H]1[C@H]2C3=CC4=C(C=C3CCN5[C@@]2(CCC5)C=C1OC)OCO4)O)O
9574768,C[C@H](CN1C=NC2=C(N=CN=C21)N)OC[P@@](=O)(N[C@@H](C)C(=O)OC(C)C)OC3=CC=CC=C3
4659569,CC1=CC=C(C=C1)C(=O)C2=CC(=C(C(=C2)O)O)[N+](=O)[O-]
6093170,C(CN(CC(=O)[O-])CC(=O)[O-])N(CC(=O)[O-])CC(=O)[O-].[Na+].[Na+].[Ca+2]
6518,C(C(CO[N+](=O)[O-])(CO[N+](=O)[O-])CO[N+](=O)[O-])O[N+](=O)[O-]
170361,C1C2CNCC1C3=CC4=NC=CN=C4C=C23
5486971,CC(C)C[C@@H](CC(=O)O)CN
31101,CC(C)C[C@H]1C(=O)N2CCC[C@H]2[C@]3(N1C(=O)[C@](O3)(C(C)C)NC(=O)[C@H]4CN([C@@H]5CC6=C(NC7=CC=CC(=C67)C5=C4)Br)C)O
5282181,C[C@H](CCCC(C)C)[C@H]1CC[C@@H]\2[C@@]1(CCC/C2=C\C=C/3\C[C@H](C[C@@H](C3=C)O)O)C
104838,C[C@H]([C@@H]1[C@H]2CC(=C(N2C1=O)C(=O)O)SCCN=CN)O
153994,CCCC(=O)OCOC(=O)C1=C(NC(=C(C1C2=C(C(=CC=C2)Cl)Cl)C(=O)OC)C)C
47499,CN1C(=NN=N1)SCC2=C(N3[C@@H]([C@@](C3=O)(NC(=O)C(C4=CC=C(C=C4)O)C(=O)O)OC)OC2)C(=O)O
72078,C[C@]12C[C@@H]([C@H]3[C@H]([C@@H]1CC[C@@]2(C(=O)COP(=O)(O)O)O)CCC4=CC(=O)C=C[C@]34C)O
104850,CC1=C(N(N=C1C(=O)NN2CCCCC2)C3=C(C=C(C=C3)Cl)Cl)C4=CC=C(C=C4)Cl
70957463,C1=CC2=C(C=C1C3=CN=C(C=C3)[18F])NC4=C2C=NC=C4
104865,CC(C)(C)C1=CC=C(C=C1)S(=O)(=O)NC2=C(C(=NC(=N2)C3=NC=CC=N3)OCCO)OC4=CC=CC=C4OC
14759,CCCCCC1=C(C=C(C=C1)C)O
47528,C1=CC(=CN=C1)C(=O)NCCO[N+](=O)[O-]
5282226,CC(C)OC(=O)CCC/C=C\C[C@H]1[C@H](C[C@H]([C@@H]1/C=C/[C@H](COC2=CC=CC(=C2)C(F)(F)F)O)O)O
6093241,C(C(C(=O)[O-])[S-])C(=O)[O-].[Na+].[Na+].[Au+]
5282237,CCCCC(C)(C)[C@@H](/C=C/[C@H]1[C@@H](CC(=O)[C@@H]1CCCC/C=C/C(=O)OC)O)O
5282242,C1C=C(N2[C@H](S1)[C@@H](C2=O)NC(=O)/C(=C\CC(=O)O)/C3=CSC(=N3)N)C(=O)O
42613186,C[C@@]1(CO[C@@H]([C@@H]([C@H]1NC)O)O[C@H]2[C@@H](C[C@@H]([C@H]([C@@H]2O)O[C@@H]3[C@@H](CC=C(O3)CNCCO)N)N)NC(=O)[C@H](CCN)O)O
6597,C(C(=O)O)(Cl)Cl
139033031,CC1(C2=C(C=CC(=C2)S(=O)(=O)[O-])[N+](=C1C=CC3=C(C(=CC=C4C(C5=C(N4CCCCS(=O)(=O)O)C=CC(=C5)S(=O)(=O)O)(C)C)CCC3)OC6=CC=C(C=C6)C[C@@H](C(=O)O)NC(=O)C7=CC=C(C=C7)NCC8=CN=C9C(=N8)C(=O)NC(=N9)N)CCCCS(=O)(=O)O)C
154059,C1CN2CCC1[C@H](C2)OC(=O)N3CCC4=CC=CC=C4[C@@H]3C5=CC=CC=C5
6613,CC(C)(CO)[C@H](C(=O)NCCC(=O)O)O
47576,CC(=O)N1CCN(CC1)C2=CC=C(C=C2)OC[C@@H]3CO[C@@](O3)(CN4C=CN=C4)C5=C(C=C(C=C5)Cl)Cl
6445540,C[C@H]1CCC[C@@]2([C@@H](O2)C[C@H](NC(=O)C[C@@H](C(C(=O)[C@@H]([C@H]1O)C)(C)C)O)/C(=C/C3=CSC(=N3)C)/C)C
5462501,C[C@@H](C(=O)N1CCC[C@H]1C(=O)O)N[C@@H](CCC2=CC=CC=C2)C(=O)O
457193,C[C@@H]1[C@@H](C(=O)N[C@@H](C(=O)N2CCC[C@H]2C(=O)N(CC(=O)N([C@H](C(=O)O1)C(C)C)C)C)C(C)C)NC(=O)C3=C4C(=C(C=C3)C)OC5=C(C(=O)C(=C(C5=N4)C(=O)N[C@H]6[C@H](OC(=O)[C@@H](N(C(=O)CN(C(=O)[C@@H]7CCCN7C(=O)[C@H](NC6=O)C(C)C)C)C)C(C)C)C)N)C
154101,COC(=O)[C@@H]([C@H]1CCCCN1)C2=CC=CC=C2
6646,C[N+]1(C2CCC1CC(C2)OC(=O)C(C3=CC=CC=C3)O)C.[Br-]
11622909,CCN(CC)C(=O)C1(CC1CN)C2=CC=CC=C2
6437380,CCCCN(CCCC)CC(C1=CC(=CC\2=C1C3=C(/C2=C/C4=CC=C(C=C4)Cl)C=C(C=C3)Cl)Cl)O
6662,CC1=C(ON=C1C)N(C(=O)C)S(=O)(=O)C2=CC=C(C=C2)N
6675,C[C@H](CCC(=O)NCCS(=O)(=O)O)[C@H]1CC[C@@H]2[C@@]1([C@H](C[C@H]3[C@H]2[C@@H](C[C@H]4[C@@]3(CC[C@H](C4)O)C)O)O)C
11434515,C1C[N+]2(CCC1[C@H](C2)OC(=O)C(C3=CC=CS3)(C4=CC=CS4)O)CCCOC5=CC=CC=C5
47641,CN(C/C=C/C1=CC=CC=C1)CC2=CC=CC3=CC=CC=C32
31264,CC1OC(OC(O1)C)C
138402339,C1=CC(=C(C=C1OC2=C(C=C(C=C2I)C[C@@H](C(=O)O)N)I)I)O.C1=C(C=C(C(=C1I)OC2=CC(=C(C(=C2)I)[O-])I)I)C[C@@H](C(=O)[O-])N.[Na+].[Na+]
66828839,CC1(CC1)S(=O)(=O)NC(=O)[C@]2(C[C@H]2C(F)F)NC(=O)[C@@H]3C[C@@H]4CN3C(=O)[C@@H](NC(=O)O[C@@H]5CCC[C@H]5OC/C=C/C(C6=NC7=CC=CC=C7N=C6O4)(F)F)C(C)(C)C
3062316,CC1=C(C(=CC=C1)Cl)NC(=O)C2=CN=C(S2)NC3=CC(=NC(=N3)C)N4CCN(CC4)CCO
39468,CC(C)(C)NC[C@@H](COC1=CC=CC2=C1CCCC2=O)O
121396,C(CC(=O)O)[C@@H](C(=O)O)NC(=O)N
6726,CN1CCN(CC1)C(C2=CC=CC=C2)C3=CC=CC=C3
6729,CC(C)(C)C1=CC=C(C=C1)CN2CCN(CC2)C(C3=CC=CC=C3)C4=CC=C(C=C4)Cl
31307,C[C@]12C[C@@H]([C@]3([C@H]([C@@H]1C[C@H]([C@@]2(C(=O)CO)O)O)CCC4=CC(=O)C=C[C@@]43C)F)O
5282379,CC1=C(C(CCC1)(C)C)/C=C/C(=C/C=C/C(=C\C(=O)O)/C)/C
637517,CCCCCCCC/C=C/CCCCCCCC(=O)O
5282381,CCCCC(C)(C/C=C/[C@H]1[C@@H](CC(=O)[C@@H]1CCCCCCC(=O)OC)O)O
5388879,[Cl-].[Cl-].[89Sr+2]
6741,C[C@H]1C[C@H]2[C@@H]3CC[C@@]([C@]3(C[C@@H]([C@@H]2[C@@]4(C1=CC(=O)C=C4)C)O)C)(C(=O)CO)O
72287,C[C@@H](CN1C2=CC=CC=C2SC3=C1C=C(C=C3)OC)CN(C)C
440936,C1=CC(=CC=C1O)O[C@H]2[C@@H]([C@H]([C@@H]([C@H](O2)CO)O)O)O
9869929,COC1=C(C=C(C=C1)CNC2=NC(=NC=C2C(=O)NCC3=NC=CC=N3)N4CCC[C@H]4CO)Cl
5388906,CN(C)CC[C@@](C1=CC=CC2=CC=CC=C21)([C@H](C3=CC=CC=C3)C4=C(N=C5C=CC(=CC5=C4)Br)OC)O
5282411,CCCCC[C@@H](/C=C/[C@H]1[C@@H](C[C@H]2[C@@H]1C/C(=C/CCCC(=O)O)/O2)O)O
5282415,CCCCC[C@@H](/C=C/[C@H]1[C@@H](C[C@@H]([C@@H]1C/C=C\CCCC(=O)O)O)O)O.C(C(CO)(CO)N)O
14969,C[C@H]1[C@H]([C@@](C[C@@H](O1)O[C@@H]2[C@H]([C@@H]([C@H](O[C@H]2OC3=C4C=C5C=C3OC6=C(C=C(C=C6)[C@H]([C@H](C(=O)N[C@H](C(=O)N[C@H]5C(=O)N[C@@H]7C8=CC(=C(C=C8)O)C9=C(C=C(C=C9O)O)[C@H](NC(=O)[C@H]([C@@H](C1=CC(=C(O4)C=C1)Cl)O)NC7=O)C(=O)O)CC(=O)N)NC(=O)[C@@H](CC(C)C)NC)O)Cl)CO)O)O)(C)N)O
637568,COC(=O)/C=C/C(=O)OC
14982,C[C@]12CC[C@](C[C@H]1C3=CC(=O)[C@@H]4[C@]5(CC[C@@H](C([C@@H]5CC[C@]4([C@@]3(CC2)C)C)(C)C)O[C@@H]6[C@@H]([C@H]([C@@H]([C@H](O6)C(=O)O)O)O)O[C@H]7[C@@H]([C@H]([C@@H]([C@H](O7)C(=O)O)O)O)O)C)(C)C(=O)O
14985,CC1=C(C2=C(CC[C@@](O2)(C)CCC[C@H](C)CCC[C@H](C)CCCC(C)C)C(=C1O)C)C
5388937,CC[C@@H]1C(=O)N2CCC[C@H]2C(=O)N([C@H](C(=O)N3C[C@H](C(=O)C[C@H]3C(=O)N[C@H](C(=O)O[C@@H]([C@@H](C(=O)N1)NC(=O)C4=C(C=CC=N4)O)C)C5=CC=CC=C5)CS[C@@H]6CN7CCC6CC7)CC8=CC=C(C=C8)N(C)C)C
64139,C1CC1C#C[C@]2(C3=C(C=CC(=C3)Cl)NC(=O)O2)C(F)(F)F
5282443,CC1=CC=C(C=C1)/C(=C\CN2CCCC2)/C3=CC=CC=N3
64143,CC1=C(C=CC=C1O)C(=O)N[C@@H](CSC2=CC=CC=C2)[C@@H](CN3C[C@H]4CCCC[C@H]4C[C@H]3C(=O)NC(C)(C)C)O
5282448,CO[C@@H]1[C@@H]([C@H]([C@@H]([C@H](O1)COS(=O)(=O)O)O[C@H]2[C@@H]([C@H]([C@@H]([C@@H](O2)C(=O)O)O[C@@H]3[C@@H]([C@H]([C@@H]([C@H](O3)COS(=O)(=O)O)O[C@H]4[C@@H]([C@H]([C@@H]([C@H](O4)C(=O)O)O[C@@H]5[C@@H]([C@H]([C@@H]([C@H](O5)COS(=O)(=O)O)O)O)NS(=O)(=O)O)O)O)OS(=O)(=O)O)NS(=O)(=O)O)O)OS(=O)(=O)O)O)NS(=O)(=O)O
154257,CC1=C(N(C2=C1C=C(C=C2)O)CC3=CC=C(C=C3)OCCN4CCCCCC4)C5=CC=C(C=C5)O
31378,C[C@]12CCC(=O)C=C1CC[C@@H]3[C@@]2([C@H](C[C@]4([C@H]3CC[C@@]4(C(=O)CO)O)C)O)F
449171,CC1=C(C(CCC1)(C)C)/C=C/C(=C\C=C\C(=C\C(=O)O)\C)/C
5282452,C1CC1C2=NC3=CC=CC=C3C(=C2/C=C/[C@H](C[C@H](CC(=O)O)O)O)C4=CC=C(C=C4)F
5388962,CCOC(=O)[C@H](CCC1=CC=CC=C1)N[C@@H](C)C(=O)N2CCC[C@H]2C(=O)O
440995,C([C@@H]1[C@@H]([C@@H]([C@H]([C@@H](O1)O[C@@H]2[C@H](OC([C@@H]([C@H]2O)O)O)CO)O)O)O)O
449193,C1CC1COC2=C(C=CC(=C2)C(=O)NC3=C(C=NC=C3Cl)Cl)OC(F)F
31401,C[C@H](CCC(=O)O)[C@H]1CC[C@@H]2[C@@]1(CC[C@H]3[C@H]2[C@H](C[C@H]4[C@@]3(CC[C@H](C4)O)C)O)C
6834,CN(C)CCC(C1=CC=C(C=C1)Br)C2=CC=CC=N2
5282489,CCCCCCCC/C=C\CCCCCCCC(=O)O.C(CO)N
9837243,CCC[C@@H]1CC(=O)N(C1)[C@@H](CC)C(=O)N
6843,CCCOC1=C(C=CC(=C1)N)C(=O)OCCN(CC)CC
57514683,CCCC[C@@H](C(=N[C@@H](CCC(=O)O)C(=N[C@@H](CC1=CN=CN1)C(=N[C@H](CC2=CC=CC=C2)C(=N[C@@H](CCCNC(=N)N)C(=N[C@@H](CC3=CNC4=CC=CC=C43)C(=NCC(=N[C@@H](CCCCN)C(=O)N5CCC[C@H]5C(=N[C@@H](C(C)C)C(=N)O)O)O)O)O)O)O)O)O)N=C([C@H](CO)N=C([C@H](CC6=CC=C(C=C6)O)N=C([C@H](CO)N=C(C)O)O)O)O
5282494,CCCCC(=O)O[C@@]1(CC[C@@H]2[C@@]1(C[C@@H]([C@H]3[C@H]2CCC4=CC(=O)CC[C@]34C)O)C)C(=O)CO
5388993,CC[C@@]1(C[C@H]2C[C@@](C3=C(CCN(C2)C1)C4=CC=CC=C4N3)(C5=C(C=C6C(=C5)[C@]78CCN9[C@H]7[C@@](C=CC9)([C@H]([C@@]([C@@H]8N6C=O)(C(=O)OC)O)OC(=O)C)CC)OC)C(=O)OC)O
72385,CCCCCCCCCC1=CC=C(C=C1)OCCOCCOCCOCCOCCOCCOCCOCCOCCO
47811,CCCN1C[C@@H](C[C@H]2[C@H]1CC3=CNC4=CC=CC2=C34)CSC
66558664,CCN(C1CCOCC1)C2=CC(=CC(=C2C)C(=O)NCC3=C(C=C(NC3=O)C)C)C4=CC=C(C=C4)CN5CCOCC5
71621331,COC1=CC(=CC(=C1)C#CC2=NN(C3=NC=NC(=C23)N)[C@H]4CCN(C4)C(=O)C=C)OC
6869,CC1([C@@H](N2[C@H](S1)[C@@H](C2=O)NC(=O)COC3=CC=CC=C3)C(=O)O)C
9853654,CC(C)(C)OC(=O)NCCC(=O)N[C@@H](CC1=CNC2=CC=CC=C21)C(=O)N[C@@H](CCSC)C(=O)N[C@@H](CC(=O)O)C(=O)N[C@@H](CC3=CC=CC=C3)C(=O)N
117947097,CS(=O)(=O)C1=C2[C@@H]([C@@H]([C@@H](C2=C(C=C1)OC3=CC(=CC(=C3)C#N)F)F)F)O
6880,C1=CC=C(C(=C1)C(=O)OCCO)O
6883,C1[C@H]([C@@H]2[C@H](O1)[C@H](CO2)O[N+](=O)[O-])O[N+](=O)[O-]
45357796,CCC(=O)O[C@H](C(C)C)O[P@@](=O)(CCCCC1=CC=CC=C1)CC(=O)N2C[C@@H](C[C@H]2C(=O)O)C3CCCCC3
9812710,CC[C@H](C)[C@@H]1[C@H](CC[C@@]2(O1)C[C@@H]3C[C@H](O2)C/C=C(/[C@H]([C@H](/C=C/C=C/4\CO[C@H]5[C@@]4([C@@H](C=C([C@H]5O)C)C(=O)O3)O)C)O[C@H]6C[C@@H]([C@H]([C@@H](O6)C)O[C@H]7C[C@@H]([C@H]([C@@H](O7)C)O)OC)OC)\C)C.C[C@H]1CC[C@]2(C[C@@H]3C[C@H](O2)C/C=C(/[C@H]([C@H](/C=C/C=C/4\CO[C@H]5[C@@]4([C@@H](C=C([C@H]5O)C)C(=O)O3)O)C)O[C@H]6C[C@@H]([C@H]([C@@H](O6)C)O[C@H]7C[C@@H]([C@H]([C@@H](O7)C)O)OC)OC)\C)O[C@@H]1C(C)C
441074,COC1=CC2=C(C=CN=C2C=C1)[C@@H]([C@H]3C[C@@H]4CCN3C[C@@H]4C=C)O
56052,CC(CCC1=CC=C(C=C1)O)NCC(C2=CC=C(C=C2)O)O
31477,CC1=CC(=C(C(=C1OC(=O)C)C)C)OCC(CNC(C)C)O
441080,CC[C@H]1[C@@H]2C[C@H]3[C@H]4[C@@]5(C[C@@H](C2[C@H]5O)N3[C@@H]1O)C6=CC=CC=C6N4C
9935639,CCOC(=O)[C@H](CC1=CC=C(C=C1)F)NC(=O)[C@H](CC2=CC=C(C=C2)N(CCCl)CCCl)N
72474,CC1CN(CCN1)C2=C(C(=C3C(=C2)N(C=C(C3=O)C(=O)O)C4CC4)C)F
15130,CC[C@@H](C(C[C@H](C)N(C)C)(C1=CC=CC=C1)C2=CC=CC=C2)OC(=O)C
3037981,C1[C@@H](NC(=N[C@H]1O)N)[C@H]2C(=O)NC[C@@H](C(=O)N[C@H](C(=O)N[C@H](C(=O)N/C(=C\NC(=O)N)/C(=O)N2)CO)CO)NC(=O)C[C@H](CCCN)N
5282593,CN1[C@@H]2CC[C@H]1CC(C2)OC(=O)C(C3=CC=CC=C3)O
25074470,CC(C)C[C@@H](C(=O)N[C@@H](CCCN=C(N)N)C(=O)N1CCC[C@H]1C(=O)NCC(=O)N)NC(=O)[C@@H](CC2=CNC3=CC=CC=C32)NC(=O)[C@H](CC4=CC=C(C=C4)O)NC(=O)[C@H](CO)NC(=O)[C@H](CC5=CNC6=CC=CC=C65)NC(=O)[C@H](CC7=CN=CN7)NC(=O)[C@@H]8CCC(=O)N8
441130,C[C@@H]1[C@@H]2[C@H](C(=O)N2C(=C1S[C@H]3C[C@H](NC3)C(=O)N(C)C)C(=O)O)[C@@H](C)O
72493,C[C@@H]1C[C@@H]([C@H]([C@@H](O1)O[C@H]2[C@H](C[C@@]3(CO3)C(=O)[C@@H]([C@H]([C@H]([C@H](OC(=O)[C@@H]([C@H]([C@@H]2C)O[C@H]4C[C@@H]([C@H]([C@@H](O4)C)O)OC)C)C)C)O)C)C)O)N(C)C
154417,CN1[C@@H]2CC[C@H]1CC(C2)OC(=O)[C@H](CO)C3=CC=CC=C3
441140,C[C@@H]1CC(=O)C=C([C@]12C(=O)C3=C(O2)C(=C(C=C3OC)OC)Cl)OC
441145,CC[C@]1(CC[C@@H](O1)[C@@]2(CC[C@@]3(O2)C[C@@H]([C@H]([C@H](O3)[C@@H](C)[C@H]([C@H](C)C(=O)O)OC)C)O)C)[C@H]4[C@H](C[C@@H](O4)[C@@H]5[C@H](C[C@H]([C@@](O5)(CO)O)C)C)C
5487427,C[N+]1([C@@H]2CC(C[C@H]1[C@H]3[C@@H]2O3)OC(=O)C(C4=CC=CS4)(C5=CC=CS5)O)C
131750730,C([C@H]([C@H]([C@@H]([C@H](C(=O)[O-])[O-])[O-])[O-])O)O.C([C@H]([C@H]([C@@H]([C@H](C(=O)[O-])[O-])[O-])[O-])O)O.O.O.O.O.O.O.O.O.O.O.[OH-].[OH-].[Na+].[Na+].[Na+].[Sb].[Sb+3]
15981397,CNCC1=CN(C(=C1)C2=CC=CC=C2F)S(=O)(=O)C3=CN=CC=C3
39765,CC(=O)O[C@H]1C[C@@H]2CC[C@@H]3[C@@H]([C@]2(C[C@@H]1N4CCCCC4)C)CC[C@]5([C@H]3C[C@@H]([C@@H]5OC(=O)C)[N+]6(CCCCC6)C)C
47965,CC1=C(N2[C@@H]([C@@H](C2=O)NC(=O)[C@@H](C3=CC=C(C=C3)O)N)SC1)C(=O)O
15209,C[C@]12CCC(=O)C=C1[C@H](C[C@@H]3[C@@H]2[C@H](C[C@]4([C@H]3C[C@@H]5[C@]4(OC(O5)(C)C)C(=O)CO)C)O)F
441199,CO[C@@]1([C@@H]2N(C1=O)C(=C(CS2)COC(=O)N)C(=O)O)NC(=O)CC3=CC=CS3
7027,C([C@@H]1[C@H]([C@@H]([C@H](C(=O)O1)O)O)O)O
7028,C[C@@H]([C@H](C1=CC=CC=C1)O)NC
7029,CCN(CC)C(C)C(=O)C1=CC=CC=C1
102505334,C[C@H]1C(=N[C@H](C(=N[C@H]2CSSC[C@H]3C(=N[C@H](C(=N[C@H](C(=NCC(=N[C@H](C(=N[C@@H](CSSC[C@@H](C(=N[C@@H](CSSC[C@@H](C(=N[C@H](C(=NCC(=N[C@H](C(=NCC(=N1)O)O)CCCCN)O)O)CCCCN)O)N)C(=N[C@H](C(=NCC(=N[C@H](C(=N3)O)CO)O)O)[C@@H](C)O)O)O)N=C([C@@H](N=C([C@@H](N=C([C@@H](N=C([C@@H](N=C([C@@H](N=C([C@@H](N=C2O)CO)O)CCCNC(=N)N)O)CC(C)C)O)CCSC)O)CC4=CC=C(C=C4)O)O)CC(=O)O)O)C(=N)O)O)CCCCN)O)O)CO)O)CCCNC(=N)N)O)O)CCCCN)O
441207,C[C@@H]1[C@H]([C@H](C[C@@H](O1)O[C@@H]2[C@H](O[C@H](C[C@@H]2O)O[C@@H]3[C@H](O[C@H](C[C@@H]3O)O[C@H]4CC[C@]5([C@@H](C4)CC[C@@H]6[C@@H]5CC[C@]7([C@@]6(CC[C@@H]7C8=CC(=O)OC8)O)C)C)C)C)O)O
261004,O=[As]O[As]=O
11672461,C1CC(CCC1OP(=O)([O-])OC[C@@H](CN(CCN(CC(=O)[O-])CC(=O)[O-])CC(=O)[O-])N(CC(=O)[O-])CC(=O)[O-])(C2=CC=CC=C2)C3=CC=CC=C3.[Na+].[Na+].[Na+].[Gd+3]
56206,CN1CCN(CC1)C2=C(C=C3C(=C2)N(C=C(C3=O)C(=O)O)C4=CC=C(C=C4)F)F
56208,C1CN(CCN1)C2=C(C=C3C(=C2)N(C=C(C3=O)C(=O)O)C4=CC=C(C=C4)F)F
60210072,CC(C)[C@@H](C(=NCC(=N[C@@H](CCCCN)C(=N[C@@H](CCCCN)C(=N[C@@H](CCCNC(=N)N)C(=N[C@@H](CCCNC(=N)N)C(=O)N1CCC[C@H]1C(=N[C@@H](C(C)C)C(=N[C@@H](CCCCN)C(=N[C@@H](C(C)C)C(=N[C@@H](CC2=CC=C(C=C2)O)C(=O)N3CCC[C@H]3C(=O)O)O)O)O)O)O)O)O)O)O)N=C([C@@H]4CCCN4C(=O)[C@H](CCCCN)N=C(CN=C([C@H](CC5=CNC6=CC=CC=C65)N=C([C@H](CCCNC(=N)N)N=C([C@H](CC7=CC=CC=C7)N=C([C@H](CC8=CN=CN8)N=C([C@H](CCC(=O)O)N=C([C@H](CCSC)N=C([C@H](CO)N=C([C@H](CC9=CC=C(C=C9)O)N=C([C@H](CO)N)O)O)O)O)O)O)O)O)O)O)O
10034073,CC[C@H]1/C=C(/[C@H](C/C=C/C=C(/C(=O)O[C@@H](C/C=C(/C=C(/[C@@H]1O[C@H]2[C@H]([C@H]([C@@H](C(O2)(C)C)OC(=O)C(C)C)O)O)\C)\C)[C@@H](C)O)\CO[C@H]3[C@H]([C@H]([C@@H]([C@H](O3)C)OC(=O)C4=C(C(=C(C(=C4O)Cl)O)Cl)CC)O)OC)O)\C
441243,CC(C)(C)NC(=O)[C@@H]1C[C@@H]2CCCC[C@@H]2CN1C[C@H]([C@H](CC3=CC=CC=C3)NC(=O)[C@H](CC(=O)N)NC(=O)C4=NC5=CC=CC=C5C=C4)O
7077,CN(C)CCOC1=CC=CC=C1CC2=CC=CC=C2
48041,CN1CCCCC1CCC2=CC=CC=C2NC(=O)C3=CC=C(C=C3)OC
7099,C1=CC(=CC2=NC3=C(C=CC(=C3)N)C=C21)N
127024065,C(C(=O)[O-])N.C(C(=O)[O-])N.OS(=O)(=O)O.[Fe+2]
7108,C1=CC=C2C(=C1)NC3=CC=CC=C3S2
441289,CC(=O)O[C@H]1C[C@@H]2CC[C@@H]3[C@@H]([C@]2(C[C@@H]1[N+]4(CCCCC4)C)C)CC[C@]5([C@H]3C[C@@H]([C@@H]5OC(=O)C)[N+]6(CCCCC6)C)C
441290,CC(=O)O[C@H]1[C@H](C[C@@H]2[C@@]1(CC[C@H]3[C@H]2CC[C@@H]4[C@@]3(C[C@@H]([C@H](C4)O)N5CCOCC5)C)C)[N+]6(CCCC6)CC=C
441300,C1CC1NC2=C3C(=NC(=N2)N)N(C=N3)[C@@H]4C[C@@H](C=C4)CO
66599893,CC1=CC(=C(C=C1)C(=O)OCC2=CC=C(C=C2)[C@@H](CN)C(=O)NC3=CC4=C(C=C3)C=NC=C4)C
11156438,C1[C@H]([C@@H]([C@H]([C@H]1O)C/C=C\CCCC(=O)OCCCCO[N+](=O)[O-])CC[C@H](CCC2=CC=CC=C2)O)O
31703,C[C@H]1[C@H]([C@H](C[C@@H](O1)O[C@H]2C[C@@](CC3=C2C(=C4C(=C3O)C(=O)C5=C(C4=O)C(=CC=C5)OC)O)(C(=O)CO)O)N)O
441306,CCN[C@@H]1C[C@@H]([C@H]([C@@H]([C@H]1O[C@@H]2[C@@H]([C@H]([C@@](CO2)(C)O)NC)O)O)O[C@@H]3[C@@H](CC=C(O3)CN)N)N
441314,C1[C@@H]([C@H]([C@@H]([C@H](N1CCO)CO)O)O)O
39912,C[C@@H](C1=CC=C(C=C1)CC(C)C)C(=O)O
441336,C[C@@H]1C[C@H]2[C@@H]3CCC4=CC(=O)C=C[C@@]4([C@]3([C@H](C[C@@]2([C@]1(C(=O)CCl)OC(=O)C5=CC=CO5)C)O)Cl)C
9690109,C1=CC=C(C=C1)C(C2=CC=CC=C2)[S@](=O)CC(=O)N
441350,C[C@](CC1=CC=C(C=C1)O)(C(=O)O)N
56330,CCOC(=O)[C@H](CCC1=CC=CC=C1)N[C@H]2CCCN3CCC[C@H](N3C2=O)C(=O)O
56339,C1=CC=C(C=C1)C2(C(=O)N(C(=O)N2)COP(=O)(O)O)C3=CC=CC=C3
7187,C1=CC=C(C=C1)C(=O)OOC(=O)C2=CC=CC=C2
23576,C1CC2C3C(C[S+]2C1)N(C(=O)N3CC4=CC=CC=C4)CC5=CC=CC=C5
121892,CCOC(=O)NC1=C(C=C(C=C1)NCC2=CC=C(C=C2)F)N
441401,CC(=O)NC[C@H]1CN(C(=O)O1)C2=CC(=C(C=C2)N3CCOCC3)F
441404,C[C@]12CC[C@H]3[C@H]([C@@H]1CC[C@@H]2OC(=O)CCC4CCCC4)CCC5=CC(=O)CC[C@]35C
9854012,CSCCNC1=C2C(=NC(=N1)SCCC(F)(F)F)N(C=N2)[C@H]3[C@@H]([C@@H]([C@H](O3)COP(=O)(O)OP(=O)(C(P(=O)(O)O)(Cl)Cl)O)O)O
10288191,CN1C=NC2=C1C=C(C(=C2F)NC3=C(C=C(C=C3)Br)F)C(=O)NOCCO
441407,C[C@]12CCC(=O)C=C1CC[C@@H]3[C@@H]2[C@H](C[C@]4([C@H]3CC[C@@]4(C(=O)COP(=O)(O)O)O)C)O
6323266,C1CC(=N)N(C1)CC2=C(C(=O)NC(=O)N2)Cl
6323289,CCN(CC)CCS(=O)(=O)[C@@H]1CCN2[C@H]1C(=O)O[C@@H]([C@@H](/C=C/C(=O)NC/C=C/C(=C/[C@H](CC(=O)CC3=NC(=CO3)C2=O)O)/C)C)C(C)C
5479527,CC(=O)OCC1=C(N2[C@@H]([C@@H](C2=O)NC(=O)/C(=N/OC)/C3=CSC(=N3)N)SC1)C(=O)O
23665772,CCCCC(CC)CCC(CC(C)C)OS(=O)(=O)[O-].[Na+]
54680690,CN(C)[C@H]1[C@@H]2C[C@@H]3[C@@H](C4=C(C=CC(=C4C(=C3C(=O)[C@@]2(C(=C(C1=O)C(=O)N)O)O)O)O)Cl)O
54680692,CCC(C1=CC=CC=C1)C2=C(C3=CC=CC=C3OC2=O)O
9854073,CC1=C2[C@H](C(=O)[C@@]3([C@H](C[C@@H]4[C@]([C@H]3[C@@H]([C@@](C2(C)C)(C[C@@H]1OC(=O)[C@@H]([C@H](C5=CC=CC=C5)NC(=O)OC(C)(C)C)O)O)OC(=O)C6=CC=CC=C6)(CO4)OC(=O)C)OC)C)OC
3005573,CN(C)CCOC1=CC=C(C=C1)/C(=C(/CCCl)\C2=CC=CC=C2)/C3=CC=CC=C3
179337,COC1=CC=C(C=C1)C2=C(C3=C(S2)C=C(C=C3)O)OC4=CC=C(C=C4)OCCN5CCCCC5
146570,CN(C)CCC[C@@]1(C2=C(CO1)C=C(C=C2)C#N)C3=CC=C(C=C3)F
9804938,CC(C)(C(=O)N[C@H](CC1=CNC2=CC=CC=C21)C(=O)N[C@H](CC3=CNC4=CC=CC=C43)NC=O)N
162955,C[C@]12CCC(=O)C=C1CC[C@@H]3[C@@H]2[C@H](C[C@]4([C@H]3CC[C@@]4(C(=O)CS)O)C)O
64655,[O-]P(=O)([O-])[O-].[Al+3]
179344,CC(=O)O[C@H]1CC2=CC=CC=C2N(C3=CC=CC=C13)C(=O)N
9829523,C[C@@]12[C@@H]([C@@H](C[C@@H](O1)N3C4=CC=CC=C4C5=C6C(=C7C8=CC=CC=C8N2C7=C53)CNC6=O)N(C)C(=O)C9=CC=CC=C9)OC
22617237,CC(C)(C[N+]#[C-])OC.CC(C)(C[N+]#[C-])OC.CC(C)(C[N+]#[C-])OC.CC(C)(C[N+]#[C-])OC.CC(C)(C[N+]#[C-])OC.CC(C)(C[N+]#[C-])OC.[Tc]
236702,C[C@@H]1C[C@H]2[C@@H]3CCC4=CC(=O)C=C[C@@]4([C@]3([C@H](C[C@@]2([C@]1(C(=O)COC(=O)C)O)C)O)F)C
7339,C([C@@H]1[C@H]([C@H]([C@H](O1)OP(=O)(O)OP(=O)(O)O)O)O)OP(=O)(O)O
56494,C1=C(C(=CC(=C1O)O)[18F])C[C@@H](C(=O)O)N
15541,C[C@@H]1CC(=O)[C@]2([C@@H](O1)O[C@@H]3[C@H]([C@@H]([C@@H]([C@@H]([C@H]3O2)NC)O)NC)O)O
25074887,C[C@H](C(=O)N)NC(=O)[C@@H]1CCCN1C(=O)[C@H](CCCN=C(N)N)NC(=O)[C@H](CC(C)C)NC(=O)[C@@H](CCCNC(=O)N)NC(=O)[C@H](CC2=CC=C(C=C2)O)NC(=O)[C@H](CO)NC(=O)[C@@H](CC3=CN=CC=C3)NC(=O)[C@@H](CC4=CC=C(C=C4)Cl)NC(=O)[C@@H](CC5=CC6=CC=CC=C6C=C5)NC(=O)C
24812758,CC1=C(C=C(C=C1)[C@H]2[C@@H]([C@H]([C@@H]([C@H](O2)CO)O)O)O)CC3=CC=C(S3)C4=CC=C(C=C4)F
1547484,C1CN(CCN1C/C=C/C2=CC=CC=C2)C(C3=CC=CC=C3)C4=CC=CC=C4
10869981,C[C@]12CC[C@H]3[C@H]([C@@H]1C[C@H]([C@@H]2O)[18F])CCC4=C3C=CC(=C4)O
7389,C1=CC(=CC=C1N)[As](=O)(O)O
23616740,C([C@H]([C@H]([C@@H]([C@H](C(=O)[O-])O)O)O)O)O.C([C@H]([C@H]([C@@H]([C@H](C(=O)[O-])O)O)O)O)O.[Fe+2]
7405,C1CC(=O)N[C@@H]1C(=O)O
130313,CC1([C@@H](N2[C@H](S1(=O)=O)CC2=O)C(=O)O)C
64782,C[C@@H]([C@@H](C1=CC=CC=C1)O)N(C)C
3038498,CC(C)C1=C(C(=CC=C1)C(C)C)OCOP(=O)(O)O
15664,CC1=CN=C(C=C1)C2=NC=C(C=C2)C
941361,C1CN(CCN1C/C=C/C2=CC=CC=C2)C(C3=CC=C(C=C3)F)C4=CC=C(C=C4)F
54713659,C[C@H]1CO[C@H]2N1C(=O)C3=C(C(=O)C(=CN3C2)C(=O)NCC4=C(C=C(C=C4)F)F)O
9887054,C1CC[C@H]([C@@H](C1)N)N.C(=O)(C(=O)[O-])[O-].[Pt+2]
49831257,C1CC1C(=O)NC2=NN3C(=N2)C=CC=C3C4=CC=C(C=C4)CN5CCS(=O)(=O)CC5
23897,CCC1=C(NC2=C1C(=O)C(CC2)CN3CCOCC3)C
24821094,C=CC(=O)N1CCC[C@H](C1)N2C3=NC=NC(=C3C(=N2)C4=CC=C(C=C4)OC5=CC=CC=C5)N
54697325,CC(C)(C)CNCC1=CC(=C2C[C@H]3C[C@H]4[C@@H](C(=O)C(=C([C@]4(C(=O)C3=C(C2=C1O)O)O)O)C(=O)N)N(C)C)N(C)C
44129647,C1C[C@H](N2C[C@@H]1N(C2=O)OS(=O)(=O)O)C(=O)NC3CCNCC3
91667825,C(C(=O)[O-])C(CC(=O)[O-])(C(=O)[O-])[O-].C(C(=O)[O-])C(CC(=O)[O-])(C(=O)[O-])[O-].[K+].[K+].[K+].[K+].[K+].[Bi+3]
23925,[Fe]
7547,C1=CC(=CC=C1NC(=O)NC2=CC(=C(C=C2)Cl)Cl)Cl
49806720,CCC1=CC2=C(C=C1N3CCC(CC3)N4CCOCC4)C(C5=C(C2=O)C6=C(N5)C=C(C=C6)C#N)(C)C
118955396,C[C@@H](C1=CC2=C(C=CC(=C2)Cl)NC1=O)NC3=CC=C(N(C3=O)C)C#N
40326,CC1(C(C1C(=O)OCC2=CC(=CC=C2)OC3=CC=CC=C3)C=C(Cl)Cl)C
7558,CC(CC1CCCCC1)NC
25181577,CCOC(=O)[C@H](CC1=CC=C(C=C1)C2=CC(=NC(=N2)N)O[C@H](C3=C(C=C(C=C3)Cl)N4C=CC(=N4)C)C(F)(F)F)N
23954,[Ag]
122262,C1CN(CCN1CCCN2CCN(CC2)C3=C4C=CC(=CC4=NC=C3)Cl)C5=C6C=CC(=CC6=NC=C5)Cl
64929,CC(C)(C(=O)O)OC1=CC=C(C=C1)C(=O)C2=CC=C(C=C2)Cl
57327016,CC1=CC2=C([C@@H]3[C@@H]4[C@H]5C6=C(C(=C7C(=C6[C@@H](N4[C@H]([C@H](C2)N3C)O)COC(=O)[C@@]8(CS5)C9=C(CCN8)C2=C(N9)C=CC(=C2)OC)OCO7)C)OC(=O)C)C(=C1OC)O
23976,[Cr]
23978,[Cu]
392622,CC(C)C1=NC(=CS1)CN(C)C(=O)N[C@@H](C(C)C)C(=O)N[C@@H](CC2=CC=CC=C2)C[C@@H]([C@H](CC3=CC=CC=C3)NC(=O)OCC4=CN=CS4)O
23994,[Zn]
9838022,CC[C@@H](C1=CC(=CC=C1)O)[C@@H](C)CN(C)C
7638,C1=CC=C(C=C1)COC2=CC=C(C=C2)O
11001318,C1=CC2=C(C=C1C(=O)O)OC(=N2)C3=CC(=CC(=C3)Cl)Cl
11476460,CN1N=C(N=N1)C2=NC=C(C=C2)C3=C(C=C(C=C3)N4C[C@@H](OC4=O)COP(=O)(O)O)F
49831411,CCCCCCCCCCCC(=O)OCN1C(=O)CCC2=C1C=C(C=C2)OCCCCN3CCN(CC3)C4=C(C(=CC=C4)Cl)Cl
65015,C1CNCCNCCCN(CCNC1)CC2=CC=C(C=C2)CN3CCCNCCNCCCNCC3
65016,CC(C)CN(C[C@H]([C@H](CC1=CC=CC=C1)NC(=O)O[C@H]2CCOC2)O)S(=O)(=O)C3=CC=C(C=C3)N
89594,CN1CCC[C@H]1C2=CN=CC=C2
5365247,CN(C)C/C=C(/C1=CC=C(C=C1)Br)\C2=CN=CC=C2
24066,C1C[C@@H](O[C@@H]1CO)N2C=CC(=NC2=O)N
65028,CCC(CC)O[C@@H]1C=C(C[C@@H]([C@H]1NC(=O)C)N)C(=O)OCC
135659016,C[C@H]1/C=C/C=C(\C(=O)NC2=C(C(=C3C(=C2O)C(=C(C4=C3C(=O)[C@](O4)(O/C=C/[C@@H]([C@H]([C@H]([C@@H]([C@@H]([C@@H]([C@H]1O)C)O)C)OC(=O)C)C)OC)C)C)O)O)/C=N\N5CCN(CC5)C6CCCC6)/C
7697,C1=CC(=CC=C1OCC(CO)O)Cl
7699,CCCCNC1=CC=C(C=C1)C(=O)OCCOCCOCCOCCOCCOCCOCCOCCOCCOC
9911830,CC1=CC(=NO1)NC(=O)NC2=C(C=C(C=C2)OC3=C4C=C(C(=CC4=NC=C3)OC)OC)Cl
9854489,C[C@@H]1C[C@H]2[C@@H]3C[C@@H](C4=CC(=O)C=C[C@@]4([C@]3([C@H](C[C@@]2([C@]1(C(=O)SCF)OC(=O)C5=CC=CO5)C)O)F)C)F
171548,C1[C@H]2[C@@H]([C@@H](S1)CCCCC(=O)O)NC(=O)N2
7741,C1=C(NN=C1)CCN
941651,CN1CCN(CC1)CC/C=C\2/C3=CC=CC=C3SC4=C2C=C(C=C4)S(=O)(=O)N(C)C
73303,C[C@@H]1[C@@H]2[C@H](C(=O)N2C(=C1S[C@H]3C[C@H](NC3)CNS(=O)(=O)N)C(=O)O)[C@@H](C)O
65130,C1=CC(=CC=C1C(=N)N)OCCCCCCOC2=CC=C(C=C2)C(=N)N
56959,CC1=C(C(=CC=C1)C)NC(=O)CN2CCN(CC2)CC(COC3=CC=CC=C3OC)O
65157,CCCCCCCCCCC(=O)O[C@H]1CC[C@@H]2[C@@]1(CC[C@H]3[C@H]2CCC4=CC(=O)CC[C@]34C)C
24199,C[N+]1(CCN(CC1)CC(C2CCCCC2)(C3=CC=CC=C3)O)C
68165256,CN1CCN(CC1)C2CCN(CC2)C3=CC(=C(C=C3)NC4=NC=C(C(=N4)NC5=CC=CC=C5P(=O)(C)C)Cl)OC
16129675,C[C@H]([C@@H](C(=O)NCC(=O)N[C@@H](CC1=CNC2=CC=CC=C21)C(=O)N[C@@H](CCSC)C(=O)N[C@@H](CC(=O)O)C(=O)N[C@@H](CC3=CC=CC=C3)C(=O)N)NC(=O)[C@H](CC4=CC=C(C=C4)OS(=O)(=O)O)NC(=O)[C@H](CC(=O)O)NC(=O)[C@H](CCC(=O)N)NC(=O)[C@@H]5CCC(=O)N5)O
24203,OP(=O)([O-])[O-].[Na+].[Na+]
16760467,C([C@H]([C@H]([C@@H]([C@H](C(=O)[O-])O)O)O)O)O.[K+]
24244,C[N+]1(CCC2=CC(=C3C=C2[C@@H]1CC4=CC=C(C=C4)OC5=C6[C@@H](CC7=CC(=C(C=C7)OC)O3)[N+](CCC6=CC(=C5OC)OC)(C)C)OC)C.[I-].[I-]
40632,CC1=CN(C(=O)C=C1)C2=CC=CC=C2
24261,O=[Si]=O
16078,CCCCCC1=CC(=C2[C@@H]3C=C(CC[C@H]3C(OC2=C1)(C)C)C)O
638678,C1C[C@H](N(C1)C(=O)[C@H](CC2=CN=CN2)NC(=O)[C@@H]3CCC(=O)N3)C(=O)N
40704,CC1(C2CCC(C1C2)CCOCC[N+]3(CCOCC3)CC4=CC(=C(C=C4Br)OC)OC)C
72163100,C[C@@H]1[C@@H](C[C@@H](C(=O)N1CC(F)(F)F)NC(=O)C2=CC3=C(C[C@@]4(C3)C5=C(NC4=O)N=CC=C5)N=C2)C6=C(C=CC(=C6F)F)F
11501341,CNC1=CC=C(C=C1)/C=C/C2=CC=C(C=C2)OCCOCCOCC[18F]
10280735,CN1CCC2=C(C1)SC(=N2)C(=O)N[C@@H]3C[C@H](CC[C@@H]3NC(=O)C(=O)NC4=NC=C(C=C4)Cl)C(=O)N(C)C
135413536,C[C@H](C1=CC(=CC(=C1)C(F)(F)F)C(F)(F)F)O[C@@H]2[C@@H](N(CCO2)CC3=NNC(=O)N3)C4=CC=C(C=C4)F
135413535,CC(C)[C@@H](C(=O)OCC(CO)OCN1C=NC2=C1N=C(NC2=O)N)N
135413538,C[C@H](C1=CC(=CC(=C1)C(F)(F)F)C(F)(F)F)O[C@@H]2[C@@H](N(CCO2)CC3=NN(C(=O)N3)P(=O)(O)O)C4=CC=C(C=C4)F
11304743,CN(C1=C(N=C(N=C1N)C2=NN(C3=C2C=CC=N3)CC4=CC=CC=C4F)N)C(=O)OC
135413547,CCCC1=NN(C2=C1N=C(NC2=O)C3=C(C=CC(=C3)S(=O)(=O)NCCC4CCCN4C)OCCC)C
24393,[O-]S(=O)(=O)[O-].[Fe+2]
65359,C(CC(=O)N[C@@H](CSSC[C@@H](C(=O)NCC(=O)O)NC(=O)CC[C@@H](C(=O)O)N)C(=O)NCC(=O)O)[C@@H](C(=O)O)N
58031952,C[C@H]([C@@H](C(=O)N1CCC[C@H]1C2=NC3=C(N2)C=C(C(=C3)F)[C@H]4CC[C@@H](N4C5=CC(=C(C(=C5)F)N6CCC(CC6)C7=CC=C(C=C7)F)F)C8=CC9=C(C=C8F)N=C(N9)[C@@H]1CCCN1C(=O)[C@H]([C@@H](C)OC)NC(=O)OC)NC(=O)OC)OC
9903970,CN1CC2C(C1)C3=C(C=CC(=C3)Cl)OC4=CC=CC=C24
25141092,CN1CCN(CC1)C2=CC(=C(C=C2)C(=O)NC3=NNC4=C3C=C(C=C4)CC5=CC(=CC(=C5)F)F)NC6CCOCC6
16231,C1(=C(N=C(C(=N1)Cl)N)N)C(=O)N=C(N)N
24436,[O-]S(=O)(=O)[O-].[Na+].[Na+]
24456,[O-]P(=O)([O-])[O-].[O-]P(=O)([O-])[O-].[Ca+2].[Ca+2].[Ca+2]
24462,[O-]S(=O)(=O)[O-].[Cu+2]
5283731,C[C@H](CCCC(C)(C)O)[C@H]1CC[C@@H]\2[C@@]1(CCC/C2=C\C=C/3\C[C@H](CCC3=C)O)C
65430,C(C(=O)[O-])C(CC(=O)[O-])(C(=O)[O-])O.[67Ga+3]
24478,OS(=O)(=S)O
5488548,C[C@H]1CN(CC[C@@]1(C)C2=CC(=CC=C2)O)C[C@H](CC3=CC=CC=C3)C(=O)NCC(=O)O
24507,[O-]S(=O)(=O)[O-].[K+].[K+]
24529,N(=O)O
134823895,COC(=O)[C@@H]([C@H]1CCCCN1C(=O)OC[N+]2=CC=CC(=C2)C(=O)N[C@@H](CO)C(=O)[O-])C3=CC=CC=C3
1712095,CCOC1=C(C=C(C=C1)/C=C\2/C3=CC(=C(C=C3CCN2)OCC)OCC)OCC
9887712,CCOC1=CC=C(C=C1)CC2=C(C=CC(=C2)[C@H]3[C@@H]([C@H]([C@@H]([C@H](O3)CO)O)O)O)Cl
101826531,C[C@H]([C@H]1C(=N[C@H](C(=N[C@H](C(=N[C@H](C(=N[C@@H](CSSC[C@@H](C(=N[C@H](C(=N[C@H](C(=N[C@H](C(=N[C@H](C(=N[C@H](C(=N[C@H](C(=N1)O)CCCCN)O)CC2=CNC3=CC=CC=C32)O)CC4=CC=CC=C4)O)CC5=CC=CC=C5)O)CC(=N)O)O)CCCCN)O)N=C(CN=C([C@H](C)N)O)O)C(=O)O)O)CO)O)[C@@H](C)O)O)CC6=CC=CC=C6)O)O
442343,CC1=CC[C@H](CC1)[C@](C)(CCC=C(C)C)O
16362,C1CN(CCC1N2C3=CC=CC=C3NC2=O)CCCC(C4=CC=C(C=C4)F)C5=CC=C(C=C5)F
5480431,CC[C@@H]1[C@@]([C@@H]([C@H](/C(=N\OCOCCOC)/[C@@H](C[C@@]([C@@H]([C@H]([C@@H]([C@H](C(=O)O1)C)O[C@H]2C[C@@]([C@H]([C@@H](O2)C)O)(C)OC)C)O[C@H]3[C@@H]([C@H](C[C@H](O3)C)N(C)C)O)(C)O)C)C)O)(C)O
